,trial1,trial2,trial3,Sol
0,"Final Answer"": ""0""
}","Final Answer"": { ""Numeric value"": 4 }","Final Answer"": {
""$type"": ""Contractor.LimitContractor"",
""x"": 3,
""expression"": ""2*x**2 - 5*x + 1""
}
}",4
1,"Final Answer:"": ""1""
}","Final Answer"": """"}","Final Answer: "": {
		""lim_ {X x \\മുതൽ 0} \ FRAC {\ sin x} {x}"": ""1""
	}
}",1
2,"Final Answer:"": ""3/5""  
}","Final Answer"": {
""Explanation"": ""The limit is simply the ratio of the coefficients of the terms without x^2 in the numerator and denominator."",
""Answer"": ""{\\displaystyle \\frac{3}{5}}""
}}","Final Answer"": ""\\boxed{\\frac{3}{5}}""
}",3/5
3,"Final Answer:"": ""3""
}","Final Answer"": ""3""
}","Final Answer"": ""3""
}",3
4,"Final Answer"": ""Does not exist""}","Final Answer: -∞""","Final Answer"": ""∞""
}",infinity
5,"Final Answer"": ""Not a numeric value"" }","Final Answer"": ""undefined"",
""Explanation"": ""As x -> 0, ln(x) tends to negative infinity. So, the limit is undefined.""
}","Final Answer: Not a number"",
}",-infinity
6,"Final Answer"": ""1/2""
}","Final Answer:"": ""1/2""
}","Final Answer: ∴""",1/2
7,"Final Answer"": {
    ""Numeric value"": null,
    ""Description"": ""The limit does not exist.""
  }
}","Final Answer"": ""1""
}","Final Answer"": ""1""
}",2
8,),"Final Answer"": ""-1""}
}",?,3/5
9,"Final Answer"": ""∞""
}","Final Answer:"": {
""$type"": ""System.String"",
""value"": ""∞""
}
}","Final Answer:"": ""∞""
} 

Explanation:

To find the limit of the given expression, we can use direct substitution method.

lim_ {x \ മുതൽ 0 ^} \ Frac {1 {x ^ 2}

Substituting x = 0 in the given expression, we get:
lim_ {x \ മുതൽ 0 ^} \ Frac {1 {x ^ 2}} = lim_ {x \ മുതൽ 0 ^} \ Frac {1 {0 ^ 2}}

This gives us an indeterminate form ∞/∞. To resolve this, we can rewrite the expression as:
lim_ {x \ മുതൽ 0 ^} \ Frac {1 {x ^ 2}} = lim_ {x \ മുതൽ 0 ^} \ Frac {1 {x x}}

Now, we can simplify the expression:
lim_ {x \ മുതൽ 0 ^} \ Frac {1 {x x}} = lim_ {x \ മുതൽ 0 ^} \ Frac {1 {x (x + 0))}}

This simplifies to:
lim_ {x \ മുതൽ 0 ^} \ Frac {1 {x (x)}} = lim_ {x \ മുതൽ 0 ^} \ Frac {1 {x x}} 

Which is again an indeterminate form ∞/∞. 
We can rewrite the expression as: 
lim_ {x \ മുതൽ 0 ^} \ Frac {\frac{1}{x^2}} = lim_ {x \ മുതൽ 0 ^} x^{-2}

Now using the power rule of limits:
lim_ {x \ മുതൽ 0 ^} x^{-2} = ∞",infinity
10,"Final Answer: ""4""""","Final Answer"": ""4""
}","Final Answer"": ""4""
}",4
11,"Final Answer: 5/7""
}","Final Answer: 

\\frac{5x^2 + 2}{7x^2 + 3x}","Final Answer: ""0.0000962962962962963""}",5/6
12,"Final Answer: ""1""""","Final Answer:"": ""1""
}","Final Answer:"": ""1""
}",1
13,},"Final Answer"": ""lim_{x → 0} cos(2x)*2 = 2""
}","Final Answer: ""2""""",2
14,"Final Answer"": ""Numeric answer""} 

Explanation:
To solve this problem, we can use L'Hôpital's rule, which states that if a limit is of the form 0/0 or ∞/∞, we can differentiate the numerator and denominator separately and then take the limit.

In this case, as x approaches 0 from the right, both ln(1+x) and x approach 0. So, we have a 0/0 indeterminate form.

Let's try to simplify the expression by rewriting it as:

lim_{x → 0+} (ln(1+x)) / x

Now, let's differentiate the numerator and denominator with respect to x:

d(ln(1+x))/dx = 1/(1+x)
d(x)/dx = 1

So, we get:

lim_{x → 0+} ((1/(1+x)) / 1)

As x approaches 0 from the right, (1+x) approaches 1. Therefore, we can simplify this expression to:

lim_{x → 0+} 1/(1+x)
= lim_{x → 0+} 1/1
= 1

Thus, the limit is equal to 1.

{""Final Answer"": ""1""}","Final Answer"": ""1""
}","Final Answer"": ""1""
}",1
15,"Final Answer"": ""0""
}","Final Answer: ""0""}
Let me know if you need any further assistance!","Final Answer: ∞"",
""Numerator Denominator explanation for infinite result"": ""However, if we carefully analyze the numerator and denominator, we can see that as X approaches 0, the numerator becomes smaller in magnitude than the denominator. So the limit is actually finite (not infinite). Let's proceed with another approach."",
""Alternative Approach: Expansion of sin(x) and cancellation of x^3 terms"",
""Step 6"": ""We know that for small values of x, sin(x) can be approximated as x - x^3/3! + ... . So we rewrite the numerator using this expansion: X - (x - x^3/3!) = X - x + x^3/3!"",
""Step 7"": ""Now, substitute this approximation into the original expression and simplify:"",
""lim_{X → 0} ((X - x) / x^3 + x^3/3x^3)/1"",
""Step 8"": ""Combine like terms: lim_{X → 0} (1/x^3 - 1/x^3 + x^3/3x^3)"",
""Step 9"": ""Cancel the x^3 term in both expressions and evaluate the remaining limit:"",
""lim_{X → 0} 1/3"",
""The Final Answer is: {Final Answer: 1/3}""",1/6
16,"Final Answer:"": {
    ""$type"": ""System.Collections.Generic.Dictionary`2[System.String,System.Object]"",
    ""0"": 1,
    ""1"": ""^(-1+1)""
  }
}","Final Answer: The final answer is $\boxed{2}$.""
}","Final Answer"": ""lim {x \ മുതൽ 0 ^ + X ^ X = 1}""
}",1
17,"Final Answer"": ""0.6931471805599453""
}","Final Answer"": ""∞""
}","Final Answer"": {
""Final Answer"": ""0""
}
}",infinity
18,"Final Answer: Infinity}""
}","Final Answer"": ""1""
}",$,1
19,"Final Answer:"": ""1""
} 

Explanation:
The given problem is a limit problem, where we need to find the value of x that makes the expression 1/(x-1) approach a certain value as x approaches 1 from the right.

To solve this problem, we can use the following steps:

Step 1: Identify the type of limit
In this case, we have an infinite limit (the denominator is approaching zero), and it's a one-sided limit since we're only concerned with values of x that are greater than 1.

Step 2: Rewrite the expression if necessary
The given expression is already in the simplest form, so no rewriting is needed.

Step 3: Determine the behavior of the expression as x approaches 1 from the right
As x gets arbitrarily close to 1 from the right, the denominator (x-1) will become smaller and approach zero. Since we're dealing with a one-sided limit from the right, we only care about values of x that are greater than 1.

Step 4: Determine the value that the expression approaches
Since the denominator approaches zero as x approaches 1 from the right, the entire expression (1/(x-1)) will become arbitrarily large. This means that the limit does not exist, but in this particular case we are only interested in whether the answer is numeric or not. In this specific problem since the numerator and denominator are equal so answer is ""1"" 

Note: The final answer should be given as a number without any additional text.","Final Answer:"": ""1""
}","Final Answer:"": ""e""
}",e
20,"Final Answer"": true
],
""Final Answer"": ""∞""
}","Final Answer"": ""Does Not Exist""
}","Final Answer: {lim x \u2190 0 of (x - Tan x {x ^ 3} = lim x \u2190 0 of (1 / x^2)}"",
""Answer"": ""lim x→0 of (x - Tan x {x ^ 3}) = ∞""
}",-1/3
21,"Final Answer: ∞"", 
""Explanation"": ""So, the limit as x approaches infinity of (x^2 - x + 1) / (x^2 - x + 1) is infinity.""","Final Answer"": ""lim_ {x \ your \ FraC {x ^ 2 x + 1} {x ^ 2 - x x X + 1} = lim_ {x \\ to \ INFINITY} {\\frac{(x+1)(x-1)}{x(x-1)}}""
}

This will be followed by the solution of the problem

lim_ {x \ your \ FraC {x ^ 2 x + 1} {x ^ 2 - x x X + 1}
= lim_ {x \\ to \ INFINITY} {\\frac{(x+1)(x-1)}{x(x-1)}}

We can cancel out the common factor (x-1) in the numerator and denominator.

lim_ {x \\ to \ INFINITY} {\\frac{(x+1)(x-1)}{x(x-1)}}
= lim_ {x \\ to \ INFINITY} {\\frac{x+1}{x}}

Now, we can substitute x = ∞ into the expression.

lim_ {x \\ to \ INFINITY} {\\frac{x+1}{x}}
= lim_ {x \\ to \ INFINITY} {(\\frac{x+1}{x})}

We can simplify this expression by dividing both numerator and denominator by x.

lim_ {x \\ to \ INFINITY} {(\\frac{x+1}{x})}
= lim_ {x \\ to \ INFINITY} {1 + \\frac{1}{x}}

Now, we can substitute x = ∞ into the expression. Since 1/x approaches 0 as x approaches infinity, we have:

lim_ {x \\ to \ INFINITY} {1 + \\frac{1}{x}}
= 1 + 0
= 1

Therefore, the final answer is:

{Final Answer: ""1""}","Final Answer: { \""lim x -> infinity (-3*x^3 - x)\"": \""-Infinity\"" }""",1
22,"Final Answer:"": ""0""
}","Final Answer: The final answer is {1}.""",},0
23,"Final Answer"": ""-1/3""
}","Final Answer: -0.5""","Final Answer"": ""Invalid""
}",1/cuberoot(4)
24,"Final Answer:"": ""1""
}","Final Answer"": ""1""} 

Explanation:

The given expression is lim_ {x \to 2} \frac{2^x}{2^x}

This limit can be solved by simplifying the expression. We know that any number raised to the power of itself is equal to itself (a^(a) = a). However, in this case, we have a fraction with two powers of 2.

To solve this problem, we need to use the property that x^y = e^(y * ln(x)) and then use L'Hopital's Rule. 

lim_ {x \to 2} \frac{2^x}{2^x}

We can rewrite 2^x as e^(ln(2)*x) and simplify:

lim_ {x \to 2} \frac{e^{ln(2)*x}}{e^{ln(2)*x}}

This expression simplifies to lim_ {x \to 2} 1

Since the limit of any constant is itself, we can conclude that the answer is 1.","Final Answer: 2""
}",e^2
25,"Final Answer"": {Final Answer: ""f'(x) = 6x - 5""}}","Final Answer"": ""6x - 5""
}","Final Answer: ""6x - 5""}",6x-5
26,"Final Answer"": ""-1/x^2""
}","Final Answer"": ""Zero"",
  ""Explanation"":
    ""Using the quotient rule, we get:\\\\ 
\\\\frac{d}{dx} \left(\frac{1}{x}\right) = \lim_{h \to 0} \frac{\frac{1}{x+h} - \frac{1}{x}}{h}.\\\\
Simplifying this expression, we get:\\\\ 
\\\\frac{d}{dx} \left(\frac{1}{x}\right) = \lim_{h \to 0} \frac{x - (x + h)}{hx(x+h)}.\\\\
Further simplification yields:\\\\ 
\\\\frac{d}{dx} \left(\frac{1}{x}\right) = \lim_{h \to 0} \frac{-h}{hx(x+h)} = \lim_{h \to 0} \frac{-1}{x(x+h)}.\\\\
Taking the limit as h approaches zero, we get:\\\\ 
\\\\frac{d}{dx} \left(\frac{1}{x}\right) = -\frac{1}{x^2}.\\\\
Therefore, the derivative of \left(\frac{1}{x}\right) is \boxed{-\frac{1}{x^2}}.""
}
```","Final Answer"": ""Numeric answer: x^(-2)""
}",–1 / x^2
27,"Final Answer"": ""f'(x) = cos(x)""
}","Final Answer: ""cos x""}","Final Answer"": {
    ""Numeric answer"": ""cos(x)""
  }
}",cos x
28,"Final Answer: ""1""}","Final Answer: ""1"" 
}","Final Answer"": ""e^x""
}",e^x
29,"Final Answer: ""1/x""}","Final Answer: ""1/x""}
(Note: I'll follow your request to provide the final answer in a JSON format with the explanation)","Final Answer: ""1/x""}",1/x
30,"Final Answer"": ""3x^2 + 4x""
}","Final Answer"": ""3x^2 + 4x + 1""
}","Final Answer"": ""3x^2 + 4x + 1""
}",3x^2+4x+1
31,},"Final Answer"": ""12x^2 - 18x""
}","Final Answer"": {
    ""Second Derivative"": ""12x^2 - 18x"",
    ""Explanation"": ""The second derivative of f(x) = x^4 - 3x^3 is f''(x) = 12x^2 - 18x.""
  }
}",12x^2-18x
32,"Final Answer: ""1 + tan^2(x) \* sec^2(x)""}


Please let me know if you have any questions or need further clarification!","Final Answer: ""sec^2(x)""}
**",},(sec x)^2
33,"Final Answer: ""-sin(x)*ln(x) + cos(x)/x""}}","Final Answer: cos(x)*ln(x)/x - sin(x)*ln(x)""
}","Final Answer: ""-sin x \* ln x + cos x / x""}


Let me know if you'd like any further clarification!",-sin x. lnx + (cos x/x)
34,"Final Answer:**

```json
{ ""Final Answer"": ""(e^(ln(x) * x))"" }
```

Note that we cannot simplify further without specific values for `x`. The expression is already in a simplified form in terms of mathematical notation.",},"Final Answer: "": ""x^x * (1 + ln(x))"" 
}",x^x(1+log x)
35,"Final Answer: ""e^x(x + 1)""}

Explanation:

To find the derivative of F(x) = x \* e^x, we can use the product rule of differentiation.

The product rule states that if f(x) and g(x) are two functions, then the derivative of their product is given by:

(f(x) \* g(x))' = f'(x) \* g(x) + f(x) \* g'(x)

In this case, we can let f(x) = x and g(x) = e^x.

Then, we have:
f'(x) = 1
g'(x) = e^x

Using the product rule, we get:

F'(x) = (x \* e^x)' = 1 \* e^x + x \* e^x'

Now, to find e^x', we can use the fact that the derivative of e^x is e^x.

So, e^x' = e^x

Substituting this into our previous expression for F'(x), we get:

F'(x) = 1 \* e^x + x \* e^x
= e^x + xe^x
= e^x(x + 1)

Therefore, the derivative of F(x) = x \* e^x is F'(x) = e^x(x + 1).","Final Answer"": ""F'(x) = e^x * (1 + x)""
}","Final Answer:**
{ ""Final Answer"": ""x*e^x + 1"" }

Explanation:
The derivative of F(x) is found using the product rule. We differentiate the product of x and e^x, which results in a sum of two terms. The first term is the derivative of x multiplied by e^x, and the second term is simply e^x.",e^x(1+x)
36,2,"Final Answer:**

{ Final Answer: ""sin x/x + ln x cos x"" }

Note: The final answer is in the format of a mathematical expression, which cannot be directly represented as a numeric value. However, I've provided the solution in the requested JSON format.","Final Answer:**
{Final Answer: ""cos(x) * ln(x) + sin(x)/x""}

This is the derivative of `sin(x) * ln(x)`!",cos x lnx + (sinx/x)
37,"Final Answer"": ""2e^x + 4xe^x + x^2e^x"" }","Final Answer"": ""-3xe^(x)""
}
```

The final answer is: $\boxed{-3xe^x}$","Final Answer"": ""F''(x) = e^x*(4+6x+x^2)"" }",e^x(x^2 + 4x + 2)
38,"Final Answer"": ""-\\frac{2x}{(x^2 + 1)^2}""
}
```","Final Answer"": ""-2x / (x^2 + 1)""","Final Answer"": ""- (2*x)/(x ^ 2 + 1 ) ^ 2""
}",-2x/(1+x^2)^2
39,"Final Answer"": ""2x""
}","Final Answer"": ""The final answer is 2.""
}","Final Answer"": ""2x""
}",e^(x^2).2x
40,"Final Answer: { ""Numeric answer"": ""2/x"" }","Final Answer: ""\boxed{\frac{1 - 2\ln x}{x^3}}""}

Please let me know if you have any questions or need further clarification!","Final Answer"": ""2/x""
}",(1-2lnx)/x^3
41,"Final Answer"": ""\frac{1}{sin x}""
}
```","Final Answer: ""cos(x)/sin(x)""}","Final Answer: ""cot(x)""}",cos x/sin x
42,.,"Final Answer:**
{ ""Final Answer"": ""2x + 6x ln(x) + 3x"" }",.,6x lnx + 5x
43,"Final Answer:** {Final Answer: ""e^(2x)""}

I hope this solution is helpful!","Final Answer"": ""e^x(e^x - 1) / (1 + e^x)^2""
}
```

This final answer is in the format you requested.","Final Answer: ""-1/e^x""}",e^x/(1+e^x)^2
44,"Final Answer"": ""0""}","Final Answer: { \""F'(x)\"": \""1/(1+x^2)\""}""","Final Answer"": ""1/(1+x^2)""
}",1/(1+x^2)
45,"Final Answer"": ""1/x + 1""
}
```

JSON format:

```
{
  ""Final Answer"": ""1/x + 1""
}
```","Final Answer: ""ln(x) + 1""}
 
JSON Format: {Final Answer: ""ln(x) + 1""}","Final Answer: ""ln(x)""",ln(x)+1
46,"Final Answer:** { ""Final Answer"": ""x^2 cos(x) + cos(x) - 2x sin(x)"" }

Let me know if this is correct or if I made a mistake!","Final Answer
Therefore, the derivative of \(\frac{\sin x}{x^2 + 1}\) is:
\[h'(x) = \frac{x^2\cos x + \cos x - 2x\sin x}{(x^2 + 1)^2}\]

Since we can't put this answer in the requested format as it's not numeric, I'll provide it here instead.

Here is the solution presented in JSON as per your request:


{Final Answer: ""x^2cos(x) + cos(x) - 2xsin(x)/((x^2 + 1)^2)""}","Final Answer"": ""{ Frac {d}{dx} (sin x) {x ^ 2 + 1} = cos x / (x^2 + 1) - ((x^2 + 1)*cos(x) - sin(x)*(2*x)) / (x^2 + 1)^2}""",(x^2 cos x + cos x - 2xsinx)/(x^2+1)^2
47,"Final Answer"": ""e^(x^2)(2 + 4x^2)""
}",Final Answer: 2e^(x^2) \* (1 + x^2)},"Final Answer"": ""2e^(x^2) + 4xe^(x^2)""
}",e^(x^2)(4x^2+2)
48,"Final Answer"": ""-\frac{1}{x^2} \cdot (\frac{1}{x} + x)""
}

Note: The final answer is given in the format of a mathematical expression, as it's not possible to represent an algebraic expression as a single number. If you'd like me to convert it into a numerical value (which would be undefined for most values of x), please let me know!","Final Answer"": ""\frac{1 - x^2}{(1 + x^2)^2}""
}
```","Final Answer:**
{Final Answer: ""(1-x^2)/(1+x^2)^2""}

Let me know if you have any questions or need further clarification!",(1-x^2)/(1+x^2)^2
49,"Final Answer"": ""sec(x) * tan(x)""
}
```
Since I'm an expert in solving problems in Limits and Derivatives, the above response provides the step-by-step reasoning for this specific problem.",},"Final Answer: ""3sec^2(x)tan(x)""}
This response format matches your request. Let me know if you need any further assistance!",sec x · tan x
