English,Hindi,Urdu,Bengali,Gujarati,Malayalam,Solution ,Categories
"Find the equation of a parabola with a vertex at (0, 0) and focus at (0, 4).","(0, 0) पर एक शीर्ष के साथ एक परबोला का समीकरण खोजें और (0, 4) पर ध्यान केंद्रित करें।",(0 ، 0) پر ورٹیکس کے ساتھ پیرابولا کی مساوات تلاش کریں اور (0 ، 4) پر فوکس کریں۔,"(0, 0) এ একটি ভার্টেক্স সহ একটি প্যারাবোলার সমীকরণটি সন্ধান করুন এবং (0, 4) এ ফোকাস করুন।","(0, 0) પર શિરોબિંદુવાળા પેરાબોલાનું સમીકરણ શોધો અને (0, 4) પર ધ્યાન કેન્દ્રિત કરો.","ഒരു വെർട്ടെക്സ് (0, 0) എന്ന സ്റ്റെക്സ് ഉപയോഗിച്ച് ഒരു പരബോളയുടെ സമവാക്യം കണ്ടെത്തുക (0, 4).",(1/8)*x^2,Parabola
"Determine the equation of a parabola with a vertex at (3, 4) and directrix y = 2.","(3, 4) और डायरेक्ट्रिक्स y = 2 पर एक शीर्ष के साथ एक परबोला के समीकरण का निर्धारण करें।",(3 ، 4) اور ڈائریکٹرکس Y = 2 پر ایک پیرابولا کی مساوات کا تعین کریں۔,"(3, 4) এবং ডাইরেক্টরিক্স ওয়াই = 2 এ একটি শীর্ষবিন্দু দিয়ে একটি প্যারাবোলার সমীকরণ নির্ধারণ করুন।","(3, 4) અને ડાયરેક્ટ્રિક્સ વાય = 2 પર શિરોબિંદુવાળા પેરાબોલાના સમીકરણને નક્કી કરો.","(3, 4), ഡയറക്ട്രിക്സ് y = 2 എന്നീ ഒരു വെർട്ടെക്സ് ഉപയോഗിച്ച് ഒരു പരാബോളയുടെ സമവാക്യം നിർണ്ണയിക്കുക.",-1/12 [(x - 3)^2 + 1],Parabola
"Given the equation of a parabola y^2 = 32x, find the directrix.","एक parabola y^2 = 32x के समीकरण को देखते हुए, फोकस और डायरेक्ट्रिक्स खोजें।",پیرابولا y^2 = 32x کی مساوات کو دیکھتے ہوئے ، فوکس اور ڈائریکٹرکس تلاش کریں۔,"একটি প্যারাবোলা y^2 = 32x এর সমীকরণ দেওয়া, ফোকাস এবং ডাইরেক্ট্রিক্স সন্ধান করুন।","પેરાબોલા વાય^2 = 32x ના સમીકરણને જોતાં, ધ્યાન અને ડાયરેક્ટ્રિક્સ શોધો.","ഒരു പരാബോള y ^ 2 = 32x എന്ന സമവാക്യം നൽകി, ഫോക്കസ്, ഡയറക്ട്രിക്സ് എന്നിവ കണ്ടെത്തുക.",x + 8 = 0,Parabola
"Find the equation of a parabola with a focus at (2, 3) and directrix x = -1.","(2, 3) और डायरेक्ट्रिक्स x = -1 पर ध्यान देने के साथ एक परबोला का समीकरण खोजें।",(2 ، 3) اور ڈائریکٹرکس x = -1 پر فوکس کے ساتھ پیرابولا کی مساوات تلاش کریں۔,"(2, 3) এবং ডাইরেক্টরিক্স এক্স = -1 এ ফোকাস সহ একটি প্যারাবোলার সমীকরণটি সন্ধান করুন।","(2, 3) અને ડાયરેક્ટ્રિક્સ x = -1 પર ધ્યાન કેન્દ્રિત સાથે પરાબોલાનું સમીકરણ શોધો.","(2, 3), ഡയറക്ട്രിക്സ് എക്സ് = -1 എന്നിവയിൽ ശ്രദ്ധ കേന്ദ്രീകരിച്ച് ഒരു പരാബോളയുടെ സമവാക്യം കണ്ടെത്തുക.",y^2+6y−6x+12=0,Parabola
"Write the equation of a parabola that opens downwards with vertex at (5, -2) and focus at (5, -4).","एक परबोला के समीकरण को लिखें जो वर्टेक्स (5, -2) के साथ नीचे की ओर खुलता है और (5, -4) पर ध्यान केंद्रित करता है।",ایک پیرابولا کی مساوات لکھیں جو (5 ، -2) پر ورٹیکس کے ساتھ نیچے کی طرف کھلتا ہے اور (5 ، -4) پر فوکس کرتا ہے۔,"একটি প্যারাবোলার সমীকরণটি লিখুন যা (5, -2) এ ভার্টেক্সের সাথে নীচের দিকে খোলে এবং (5, -4) এ ফোকাস করুন।","પેરાબોલાનું સમીકરણ લખો જે શિરોબિંદુથી નીચે તરફ ખુલે છે (5, -2) અને (5, -4) પર ધ્યાન કેન્દ્રિત કરો.","(5, -2) വെർട്ടെക്സ് ഉപയോഗിച്ച് താഴേക്ക് തുറന്ന് (5, -4) ൽ ശ്രദ്ധ കേന്ദ്രീകരിച്ച് ഒരു പരാബോളയുടെ സമവാക്യം എഴുതുക.",x^2−10x+8y+41=0,Parabola
Find the vertex form of the parabola given by y = 3x^2 + 6x + 5.,Y = 3x^2 + 6x + 5 द्वारा दिए गए परबोला के शीर्ष रूप का पता लगाएं।,y = 3x^2 + 6x + 5 کے ذریعہ دیئے گئے پیرابولا کی ورٹیکس شکل تلاش کریں۔,Y = 3x^2 + 6x + 5 দ্বারা প্রদত্ত প্যারাবোলার ভার্টেক্স ফর্মটি সন্ধান করুন।,Y = 3x^2 + 6x + 5 દ્વારા આપવામાં આવેલ પેરાબોલાનું શિરોબિંદુ શોધો.,Y = 3x ^ 2 + 6x + 5 നൽകിയ പരാബോളയുടെ വെർട്ടെക്സ് രൂപം കണ്ടെത്തുക.,"(-1,2)",Parabola
Convert the standard form equation x^2 - 4x + 8y + 12 = 0 into the vertex form of a parabola.,मानक फॉर्म समीकरण x^2 - 4x + 8y + 12 = 0 को एक परबोला के शीर्ष रूप में परिवर्तित करें।,معیاری فارم مساوات x^2 - 4x + 8y + 12 = 0 کو پیرابولا کی ورٹیکس شکل میں تبدیل کریں۔,স্ট্যান্ডার্ড ফর্ম সমীকরণ x^2 - 4x + 8y + 12 = 0 একটি প্যারাবোলার শীর্ষবিন্দুতে রূপান্তর করুন।,પ્રમાણભૂત ફોર્મ સમીકરણ x^2 - 4x + 8y + 12 = 0 ને પેરાબોલાના શિરોબિંદુમાં રૂપાંતરિત કરો.,സ്റ്റാൻഡേർഡ് ഫോം സമവാക്യം x ^ 2 - 4x + 8y + 12 = 0 ഒരു പരാബോളയുടെ വെർട്ടെക്സ് രൂപത്തിലേക്ക് പരിവർത്തനം ചെയ്യുക.,y=(-1/8)*(x-2)^2 +1,Parabola
"A parabola has its focus at (0, 3) and directrix y = 3. Find its equation.","एक परबोला का अपना ध्यान (0, 3) और डायरेक्ट्रिक्स y = 3 पर है। इसके समीकरण का पता लगाएं।",ایک پیرابولا کی توجہ اس کی توجہ (0 ،3) اور ڈائریکٹرکس y = 3 پر ہوتی ہے۔ اس کی مساوات تلاش کریں۔,"একটি প্যারাবোলার (0, 3) এবং ডাইরেক্টরিক্স ওয়াই = 3 এ ফোকাস রয়েছে। এর সমীকরণটি সন্ধান করুন।","પેરાબોલાનું ધ્યાન (0, 3) અને ડાયરેક્ટ્રિક્સ વાય = 3 પર છે. તેનું સમીકરણ શોધો.","ഒരു പരാബോളയ്ക്ക് (0, 3), ഡയറക്ട്രിക്സ് y = 3 എന്നിവയിൽ ശ്രദ്ധ കേന്ദ്രീകരിക്കുന്നു. അതിന്റെ സമവാക്യം കണ്ടെത്തുക.",x^2 = + 12 y,Parabola
Determine the focus of the parabola y = (x - 1)^2 + 5.,"परबोला y = (x - 1)^2 + 5 की समरूपता के शीर्ष, फोकस और अक्ष का निर्धारण करें।",پیرابولا y = (x - 1)^2 + 5 کے توازن کے عمودی ، فوکس اور محور کا تعین کریں۔,"প্যারাবোলা y = (x - 1)^2 + 5 এর প্রতিসাম্যের ভার্টেক্স, ফোকাস এবং অক্ষ নির্ধারণ করুন।","પેરાબોલા વાય = (x - 1)^2 + 5 ની સપ્રમાણતાના શિરોબિંદુ, ધ્યાન અને અક્ષ નક્કી કરો.","വെർട്ടെക്സ്, ഫോക്കസ്, ഫോക്കസ് എന്നിവ നിർണ്ണയിക്കുക, പാരബോള y = (x - 1) ^ 2 + 5 ന്റെ സമമിതിയുടെ അക്ഷം.","1,21/4",Parabola
"Find the equation of a parabola that passes through the points (2, 8), (-1, 3), and (0, 4).","एक परबोला के समीकरण का पता लगाएं जो अंक (2, 8), (-1, 3), और (0, 4) से गुजरता है।",ایک پیرابولا کی مساوات تلاش کریں جو پوائنٹس (2 ، 8) ، (-1 ، 3) ، اور (0 ، 4) سے گزرتا ہے۔,"পয়েন্টগুলি (2, 8), (-1, 3), এবং (0, 4) এর মধ্য দিয়ে যায় এমন একটি প্যারাবোলার সমীকরণটি সন্ধান করুন।","પેરાબોલાનું સમીકરણ શોધો જે પોઇન્ટ્સ (2, 8), (-1, 3) અને (0, 4) દ્વારા પસાર થાય છે.","(2, 8), (-1, 3), (0, 4) എന്നിവയിലൂടെ കടന്നുപോകുന്ന ഒരു പരാബോളയുടെ സമവാക്യം കണ്ടെത്തുക.",3y = x^2 + 4x + 12,Parabola
"Find the equation of a parabola with vertex (2, -1) and directrix y = -4.","वर्टेक्स (2, -1) और डायरेक्ट्रिक्स y = -4 के साथ एक परबोला का समीकरण खोजें।",ورٹیکس (2 ، -1) اور ڈائریکٹرکس Y = -4 کے ساتھ پیرابولا کی مساوات تلاش کریں۔,"ভার্টেক্স (2, -1) এবং ডাইরেক্টরিক্স ওয়াই = -4 সহ একটি প্যারাবোলার সমীকরণটি সন্ধান করুন।","શિરોબિંદુ (2, -1) અને ડાયરેક્ટ્રિક્સ વાય = -4 સાથે પેરાબોલાનું સમીકરણ શોધો.","വെർട്ടെക്സ് (2, -1), ഡയറക്ട്രിക്സ് y = -4 എന്നിവ ഉപയോഗിച്ച് ഒരു പരാബോളയുടെ സമവാക്യം കണ്ടെത്തുക.",(x−2)^2=12(y+1),Parabola
Determine the focus of the parabola given by x^2 = -16y.,X^2 = -16y द्वारा दिए गए परबोला का शीर्ष और ध्यान निर्धारित करें।,x^2 = -16y کے ذریعہ دیئے گئے پیرابولا کی توجہ اور توجہ کا تعین کریں۔,X^2 = -16y দ্বারা প্রদত্ত প্যারাবোলার ভার্টেক্স এবং ফোকাস নির্ধারণ করুন।,X^2 = -16y દ્વારા આપવામાં આવેલ પેરાબોલાનું શિરો અને ધ્યાન નક્કી કરો.,വെർട്ടെക്സ് നിർണ്ണയിക്കുകയും x ^ 2 = -16Y നൽകിയ പരാബോളയുടെ ഫോക്കസ്.,"(0,-4)",Parabola
"Write the equation of a parabola that opens to the right, with vertex at (-4, 1) and focus at (-2, 1).","एक परबोला का समीकरण लिखें जो दाईं ओर खुलता है, (-4, 1) पर वर्टेक्स के साथ और (-2, 1) पर ध्यान केंद्रित करता है।",(-4 ، 1) پر ورٹیکس کے ساتھ ، دائیں طرف کھلنے والے پیرابولا کی مساوات لکھیں اور (-2 ، 1) پر فوکس کریں۔,"(-4, 1) এ ভার্টেক্স সহ ডানদিকে খোলে এমন একটি প্যারাবোলার সমীকরণটি লিখুন এবং (-2, 1) এ ফোকাস করুন।","(-4, 1) પર શિરોબિંદુ સાથે, જમણી તરફ ખુલે છે તે પેરાબોલાનું સમીકરણ લખો અને (-2, 1) પર ધ્યાન કેન્દ્રિત કરો.","(-4, 1), (-2, 1) എന്നിവ ഉപയോഗിച്ച് വലതുവശത്ത് തുറക്കുന്ന ഒരു പരാബോളയുടെ സമവാക്യം എഴുതുക, (-2, 1) എന്നിവയിൽ ശ്രദ്ധ കേന്ദ്രീകരിക്കുക.",(y−1)^2=8(x+4),Parabola
"Write the equation of a circle with a center at (5, -2) and a radius of 5.","(5, -2)  और 5 के त्रिज्या के साथ एक केंद्र के समीकरण को लिखें।",ایک مرکز (5 ، -2) اور 5 کے رداس پر دائرے کی مساوات لکھیں۔,"(5, -2) এ একটি কেন্দ্রের সাথে একটি বৃত্তের সমীকরণ এবং 5 এর ব্যাসার্ধ লিখুন।","(5, -2)  અને 5 ના ત્રિજ્યા સાથે વર્તુળનું સમીકરણ લખો.","ഒരു സർക്കിളിന്റെ സമവാക്യം (5, -2) , 5 ദൂരം എന്നിവ ഉപയോഗിച്ച് എഴുതുക.",(x-5)^2+(y+2)^2=25,Circle
"Determine the equation of a circle with endpoints of a diameter at (-2, 1) and (6, -3).","(-2, 1) और (6, -3) पर एक व्यास के समापन बिंदु के साथ एक सर्कल के समीकरण का निर्धारण करें।",(-2 ، 1) اور (6 ، -3) پر قطر کے اختتامی نقطہ کے ساتھ دائرے کی مساوات کا تعین کریں۔,"(-2, 1) এবং (6, -3) এ ব্যাসের শেষ পয়েন্ট সহ একটি বৃত্তের সমীকরণ নির্ধারণ করুন।","(-2, 1) અને (6, -3) ના વ્યાસના અંતિમ બિંદુઓવાળા વર્તુળનું સમીકરણ નક્કી કરો.","(-2, 1), (6, -3) എന്നിവയിൽ വ്യാസമുള്ള ഒരു വൃത്തത്തിന്റെ സമവാക്യം നിർണ്ണയിക്കുക.",(x+2)^2+(y-1)^2=20,Circle
Find the center and radius of the circle given by x^2 + y^2 + 6x - 4y - 12 = 0.,X^2 + y^2 + 6x - 4y - 12 = 0 द्वारा दिए गए सर्कल के केंद्र और त्रिज्या का पता लगाएं।,x^2 + y^2 + 6x - 4y - 12 = 0 کے ذریعہ دیئے گئے دائرے کا مرکز اور رداس تلاش کریں۔,X^2 + y^2 + 6x - 4y - 12 = 0 দ্বারা প্রদত্ত বৃত্তের কেন্দ্র এবং ব্যাসার্ধটি সন্ধান করুন।,X^2 + y^2 + 6x - 4y - 12 = 0 દ્વારા આપેલ વર્તુળનું કેન્દ્ર અને ત્રિજ્યા શોધો.,X ^ 2 + Y ^ 2 + 6x - 4y - 12 = 0 നൽകി സർക്കിളിന്റെ മധ്യഭാഗത്തും ദൂരവും കണ്ടെത്തുക.,"Center: (-3,2)
Radius: 5",Circle
Convert the general form x^2 + y^2 - 4x + 2y - 11 = 0 into the standard form of a circle.,सामान्य रूप x^2 + y^2 - 4x + 2y - 11 = 0 को एक सर्कल के मानक रूप में परिवर्तित करें।,عام فارم x^2 + y^2 - 4x + 2y - 11 = 0 کو دائرے کی معیاری شکل میں تبدیل کریں۔,সাধারণ ফর্ম x^2 + y^2 - 4x + 2y - 11 = 0 একটি বৃত্তের মান আকারে রূপান্তর করুন।,સામાન્ય ફોર્મ x^2 + y^2 - 4x + 2y - 11 = 0 ને વર્તુળના માનક સ્વરૂપમાં રૂપાંતરિત કરો.,ഒരു സർക്കിളിന്റെ സ്റ്റാൻഡേർഡ് രൂപത്തിലേക്ക് പൊതു ഫോം x ^ 2 ^ 2 - 4x + 2 വൈ - 11 = 0 പരിവർത്തനം ചെയ്യുക.,(x−2)^2+(y−1)^2=16,Circle
"Determine the equation of a circle that is tangent to the x-axis and has a center at (3, 4).","एक सर्कल के समीकरण का निर्धारण करें जो एक्स-अक्ष के लिए स्पर्शरेखा है और इसका केंद्र (3, 4) है।",کسی دائرے کی مساوات کا تعین کریں جو ایکس محور کے لئے ٹینجینٹ ہے اور اس کا ایک مرکز (3 ، 4) ہے۔,"এক্স-অক্ষের সাথে স্পর্শকযুক্ত এমন একটি বৃত্তের সমীকরণ নির্ধারণ করুন এবং (3, 4) এ একটি কেন্দ্র রয়েছে।","એક વર્તુળનું સમીકરણ નક્કી કરો જે એક્સ-અક્ષ માટે સ્પર્શ કરે છે અને તેનું કેન્દ્ર (3, 4) છે.","എക്സ്-ആക്സിസിനോട് കടപ്പെട്ടിരിക്കുന്ന ഒരു സർക്കിളിന്റെ സമവാക്യം നിർണ്ണയിക്കുക, (3, 4).",(x-3)^2 + (y-4)^2 = 16,Circle
"A circle has a center at (-2, 5) and passes through the point (1, 9). Find its equation.","एक सर्कल का केंद्र (-2, 5) होता है और बिंदु (1, 9) से गुजरता है।इसके समीकरण का पता लगाएं।",ایک دائرے کا ایک مرکز (-2 ، 5) ہوتا ہے اور نقطہ (1 ، 9) سے گزرتا ہے۔اس کی مساوات تلاش کریں۔,"একটি বৃত্তের একটি কেন্দ্র রয়েছে (-2, 5) এবং বিন্দু (1, 9) এর মধ্য দিয়ে যায়।এর সমীকরণটি সন্ধান করুন।","વર્તુળમાં (-2, 5) એક કેન્દ્ર હોય છે અને તે બિંદુ (1, 9) માંથી પસાર થાય છે.તેના સમીકરણ શોધો.","ഒരു സർക്കിളിന് (-2, 5) ഒരു കേന്ദ്രമുണ്ട് (-2, 5) കടന്നുപോകുന്നു (1, 9).അതിന്റെ സമവാക്യം കണ്ടെത്തുക.",(x+2)^2 + (y-5)^2 = 25,Circle
"Find the equation of a circle whose center is at the origin and passes through (0, 5).","एक सर्कल के समीकरण का पता लगाएं जिसका केंद्र मूल में है और (0, 5) से गुजरता है।",کسی دائرے کی مساوات تلاش کریں جس کا مرکز اصل میں ہے اور (0 ، 5) سے گزرتا ہے۔,"এমন একটি বৃত্তের সমীকরণটি সন্ধান করুন যার কেন্দ্রটি উত্সে রয়েছে এবং (0, 5) এর মধ্য দিয়ে যায়।","એક વર્તુળનું સમીકરણ શોધો જેનું કેન્દ્ર મૂળ પર છે અને (0, 5) પસાર થાય છે.","ഒരു സർക്കിളിന്റെ സമവാക്യം കണ്ടെത്തുക, കാരണം കേന്ദ്രം ഉത്ഭവമാണ്, (0, 5) വഴി കടന്നുപോകുന്നു.",x^2 + y^2 = 25,Circle
"Given a circle (x - 1)^2 + (y + 2)^2 = 25, find the coordinates of its center and its radius.","एक सर्कल (x - 1)^2 + (y + 2)^2 = 25 को देखते हुए, इसके केंद्र और उसके त्रिज्या के निर्देशांक का पता लगाएं।",ایک دائرہ (x - 1)^2 + (y + 2)^2 = 25 دیا گیا ، اس کے مرکز اور اس کے رداس کے نقاط تلاش کریں۔,"একটি বৃত্ত দেওয়া (x - 1)^2 + (y + 2)^2 = 25, এর কেন্দ্র এবং এর ব্যাসার্ধের স্থানাঙ্কগুলি সন্ধান করুন।","વર્તુળ (x - 1)^2 + (y + 2)^2 = 25 આપેલ, તેના કેન્દ્ર અને તેના ત્રિજ્યાના કોઓર્ડિનેટ્સ શોધો.","ഒരു സർക്കിൾ നൽകി (x - 1) ^ 2 + 2) ^ 2 = 25, അതിന്റെ കേന്ദ്രത്തിന്റെ കോർഡിനേറ്റുകളും അതിന്റെ ദൂരവും കണ്ടെത്തുക.","Center: (1,-2)
Radius: 5",Circle
Determine the points of intersection of the line y = x + 3 and the circle x^2 + y^2 = 17.,लाइन y = x + 3 और सर्कल x^2 + y^2 = 17 के चौराहे के बिंदुओं को निर्धारित करें।,لائن y = x + 3 اور دائرے x^2 + y^2 = 17 کے چوراہے کے نکات کا تعین کریں۔,Y = x + 3 এবং বৃত্ত x^2 + y^2 = 17 এর ছেদটি ছেদ করার পয়েন্টগুলি নির্ধারণ করুন।,વાય = x + 3 ના આંતરછેદના બિંદુઓ અને વર્તુળ x^2 + y^2 = 17 નક્કી કરો.,Y = x + 3 ഉം സർക്കിളും X ^ 2 + y ^ 2 = 17 ന്റെ കവലയുടെ പോയിന്റുകൾ നിർണ്ണയിക്കുക.,"(1,4) or (-4,-1)",Circle
"Write the equation of a circle that passes through the points (1, 1), (2, -3), and (5, -1).","एक सर्कल का समीकरण लिखें जो बिंदुओं (1, 1), (2, -3), और (5, -1) से गुजरता है।",ایک دائرے کی مساوات لکھیں جو پوائنٹس (1 ، 1) ، (2 ، -3) ، اور (5 ، -1) سے گزرتا ہے۔,"পয়েন্টগুলি (1, 1), (2, -3), এবং (5, -1) এর মধ্য দিয়ে যায় এমন একটি বৃত্তের সমীকরণ লিখুন।","વર્તુળનું સમીકરણ લખો જે પોઇન્ટ્સ (1, 1), (2, -3) અને (5, -1) દ્વારા પસાર થાય છે.","(1, 1), (2, -3), (5 ,,1) പോയിന്റുകളിലൂടെ കടന്നുപോകുന്ന ഒരു സർക്കിളിന്റെ സമവാക്യം എഴുതുക.",7x^2+7y^2 - 37x +10y + 13=0,Circle
Find the radius and center of the circle given by x^2 + y^2 - 8x - 6y + 20 = 0.,X^2 + y^2 - 8x - 6y + 20 = 0 द्वारा दिए गए सर्कल के त्रिज्या और केंद्र का पता लगाएं।,x^2 + y^2 - 8x - 6y + 20 = 0 کے ذریعہ دیئے گئے دائرے کا رداس اور مرکز تلاش کریں۔,X^2 + y^2 - 8x - 6y + 20 = 0 দ্বারা প্রদত্ত বৃত্তের ব্যাসার্ধ এবং কেন্দ্রটি সন্ধান করুন।,X^2 + y^2 - 8x - 6y + 20 = 0 દ્વારા આપવામાં આવેલ વર્તુળના ત્રિજ્યા અને કેન્દ્ર શોધો.,X ^ 2 + y ^ 2 - 8x - നൽകിയിരിക്കുന്ന സർക്കിളിന്റെ ദൂരവും മധ്യഭാഗത്തും കണ്ടെത്തുക - 6Y + 20 = 0.,"Radius = sqrt(5)
Center = (4, 3)",Circle
"Determine the equation of a circle that has its center at (1, 2) and passes through the point (4, 6).","एक सर्कल के समीकरण का निर्धारण करें जिसमें इसका केंद्र (1, 2) होता है और बिंदु (4, 6) से गुजरता है।",کسی دائرے کی مساوات کا تعین کریں جس کا مرکز (1 ، 2) ہے اور نقطہ (4 ، 6) سے گزرتا ہے۔,"(1, 2) এ এর ​​কেন্দ্র রয়েছে এমন একটি বৃত্তের সমীকরণ নির্ধারণ করুন এবং বিন্দু (4, 6) এর মধ্য দিয়ে যায়।","વર્તુળનું સમીકરણ નક્કી કરો કે જે તેનું કેન્દ્ર (1, 2) છે અને તે બિંદુ (4, 6) માંથી પસાર થાય છે.","(1, 2) ഉള്ള ഒരു സർക്കിളിന്റെ സമവാക്യം നിർണ്ണയിക്കുക, അത് (4, 6) പോയിന്റിലൂടെ കടന്നുപോകുന്നു.",(x-1)^2 + (y-2)^2 = 25,Circle
"Write the standard form equation of the circle with center at (3, -4) and radius 7.","(3, -4) और त्रिज्या 7 पर केंद्र के साथ सर्कल का मानक रूप समीकरण लिखें।",(3 ، -4) اور رداس 7 پر مرکز کے ساتھ دائرے کی معیاری شکل کی مساوات لکھیں۔,"(3, -4) এবং ব্যাসার্ধ 7 এ কেন্দ্রের সাথে বৃত্তের স্ট্যান্ডার্ড ফর্ম সমীকরণটি লিখুন।","(3, -4) અને ત્રિજ્યા 7 પર કેન્દ્ર સાથે વર્તુળનું પ્રમાણભૂત ફોર્મ સમીકરણ લખો.","(3, -4), ആരം 7 എന്നിവയിൽ സർക്കിളിന്റെ സ്റ്റാൻഡേർഡ് ഫോം സമവാക്യം എഴുതുക.",(x-3)^2 + (y+4)^2 = 49,Circle
"Find the equation of an ellipse with a center at (0, 0), a horizontal major axis of length 10, and a minor axis of length 6.","(0, 0) पर एक केंद्र के साथ एक दीर्घवृत्त के समीकरण का पता लगाएं, लंबाई 10 की एक क्षैतिज प्रमुख अक्ष, और लंबाई 6 का एक मामूली अक्ष।",(0 ، 0) ، لمبائی 10 کا افقی اہم محور ، اور لمبائی 6 کا ایک معمولی محور پر ایک مرکز کے ساتھ بیضوی مساوات کا پتہ لگائیں۔,"(0, 0) এ কেন্দ্রের সাথে একটি উপবৃত্তের সমীকরণটি সন্ধান করুন, দৈর্ঘ্যের 10 এর একটি অনুভূমিক প্রধান অক্ষ এবং দৈর্ঘ্যের 6 এর একটি ছোট অক্ষ।","(0, 0) ના કેન્દ્ર સાથે લંબગોળનું સમીકરણ, લંબાઈ 10 ની આડી મુખ્ય અક્ષ અને લંબાઈ 6 ની એક નાની અક્ષો શોધો.","(0, 0), ഒരു മധ്യഭാഗം (0, 0), ഒരു തിരശ്ചീന പ്രധാന അക്ഷം, നീളമുള്ള ഒരു ചെറിയ അക്ഷം 6 എന്നിവ കണ്ടെത്തുക.",(x^2/25) + (y^2/9) = 1,Ellipse
Determine the foci and vertices of the ellipse x^2/25 + y^2/16 = 1.,दीर्घवृत्त x^2/25 + y^2/16 = 1 के foci और कोने निर्धारित करें।,بیضوی x^2/22 + y^2/16 = 1 کے فوکس اور عمودی کا تعین کریں۔,উপবৃত্ত x^2/25 + y^2/16 = 1 এর ফোকি এবং শীর্ষগুলি নির্ধারণ করুন।,લંબગોળ x^2/2 25 + y^2/16 = 1 ની ફોકસી અને શિરોબિંદુ નક્કી કરો.,എലിപ്സ് എക്സ് ^ 2/2 y ^ 2/16 = 1 എലിപ്സ് x ^ 2/2 = 1 നിർണ്ണയിക്കുക.,"Foci = (3,0) and (-3,0)
Vertices = (5,0) and (-5,0)",Ellipse
"Write the equation of an ellipse with a center at (3, -2), a vertical major axis of length 12, and a minor axis of length 8.","(3, -2) पर एक केंद्र के साथ एक दीर्घवृत्त का समीकरण लिखें, लंबाई 12 की एक ऊर्ध्वाधर प्रमुख अक्ष, और लंबाई 8 की एक मामूली अक्ष।",(3 ، -2) ، لمبائی 12 کا عمودی اہم محور ، اور لمبائی 8 کا ایک معمولی محور پر ایک مرکز کے ساتھ بیضوی شکل کا مساوات لکھیں۔,"(3, -2) এ কেন্দ্রের সাথে একটি উপবৃত্তের সমীকরণটি লিখুন, দৈর্ঘ্য 12 এর একটি উল্লম্ব প্রধান অক্ষ এবং দৈর্ঘ্যের 8 এর একটি ছোট অক্ষ।","(3, -2) ના કેન્દ્ર સાથે લંબગોળનું સમીકરણ, લંબાઈ 12 ની vert ભી મુખ્ય અક્ષ અને લંબાઈ 8 ની નજીવી અક્ષ લખો.","ഒരു സെന്റർ (3, -2), നീളം 12, ദൈർഘ്യമുള്ള ഒരു ചെറിയ അക്ഷം 8 എന്നിവ ഉപയോഗിച്ച് ഒരു സെന്റർ ഉപയോഗിച്ച് ഒരു ദീർഘവൃത്തത്തിന്റെ സമവാക്യം എഴുതുക.",((x-3)^2/16)+ ((y+2)^2/36) = 1,Ellipse
Convert the equation 9x^2 + 4y^2 = 36 into the standard form of an ellipse.,समीकरण 9x^2 + 4y^2 = 36 को एक दीर्घवृत्त के मानक रूप में परिवर्तित करें।,مساوات 9x^2 + 4y^2 = 36 کو بیضوی شکل کی معیاری شکل میں تبدیل کریں۔,সমীকরণ 9x^2 + 4y^2 = 36 কে একটি উপবৃত্তের স্ট্যান্ডার্ড আকারে রূপান্তর করুন।,9x^2 + 4y^2 = 36 ને લંબગોળના માનક સ્વરૂપમાં સમીકરણ રૂપાંતરિત કરો.,ഒരു ദീർഘവൃത്തത്തിന്റെ സ്റ്റാൻഡേർഡ് രൂപത്തിലേക്ക് സമവാക്യം 9x ^ 2 + 4y ^ 2 = 36 പരിവർത്തനം ചെയ്യുക.,(x^2/4) + (y^2/9) = 1,Ellipse
Find the eccentricity of the ellipse x^2/36 + y^2/9 = 1.,दीर्घवृत्त x^2/36 + y^2/9 = 1 की विलक्षणता का पता लगाएं।,بیضوی x^2/36 + y^2/9 = 1 کی سنکیچیت تلاش کریں۔,উপবৃত্ত x^2/36 + y^2/9 = 1 এর উদ্দীপনা সন্ধান করুন।,લંબગોળ x^2/36 + y^2/9 = 1 ની વિચિત્રતા શોધો.,എലിപ്സ് എക്സ് ^ 2/36 + Y ^ 2/9 = 1 ന്റെ ഉത്കേന്ദ്രത കണ്ടെത്തുക.,sqrt(3)/2,Ellipse
"An ellipse has foci at (40, 0) and (-40, 0) and a major axis of length 100. Find its equation.","एक दीर्घवृत्त (40, 0) और (-40, 0) और लंबाई 100 की एक प्रमुख अक्ष पर foci है। इसके समीकरण का पता लगाएं।",ایک بیضوی شکل میں (40 ، 0) اور (-40 ، 0) اور لمبائی 100 کا ایک بڑا محور ہے۔ اس کی مساوات تلاش کریں۔,"একটি উপবৃত্তাকার (40, 0) এবং (-40, 0) এ ফোকি রয়েছে এবং দৈর্ঘ্যের 100 এর একটি প্রধান অক্ষ রয়েছে। এর সমীকরণটি সন্ধান করুন।","લંબગોળ (40, 0) અને (-40, 0) પર ધ્યાન કેન્દ્રિત કરે છે અને લંબાઈ 100 ની મુખ્ય અક્ષ. તેનું સમીકરણ શોધો.","ഒരു ദീർഘവൃത്തത്തിന് ഫോക്കിയിൽ (40, 0), (-40, 0), ഒരു പ്രധാന നീളത്തിന്റെ പ്രധാന അക്ഷം 100 എന്നിവയുണ്ട്. അതിന്റെ സമവാക്യം കണ്ടെത്തുക.",(x^2/2500) + (y^2/900) = 1,Ellipse
"Find the equation of an ellipse with a center at (0, 0), a horizontal major axis with length 100, and foci at (±30, 0).","एक दीर्घवृत्त का समीकरण ज्ञात कीजिए जिसका केंद्र (0, 0) है, एक क्षैतिज दीर्घ अक्ष जिसकी लंबाई 100 है और नाभि बिंदु (±30, 0) है।",(0، 0) پر مرکز کے ساتھ بیضوی کی مساوات، 100 لمبائی کے ساتھ ایک افقی اہم محور، اور (±30، 0) پر فوکی تلاش کریں۔,"(0, 0), দৈর্ঘ্য 100 সহ একটি অনুভূমিক প্রধান অক্ষ এবং (±30, 0) কেন্দ্রবিশিষ্ট একটি উপবৃত্তের সমীকরণ খুঁজুন।","(0, 0), લંબાઈ 100 સાથે આડી મુખ્ય અક્ષ અને (±30, 0) પર કેન્દ્ર સાથે લંબગોળનું સમીકરણ શોધો.","ഒരു ദീർഘവൃത്തത്തിൻ്റെ സമവാക്യം (0, 0), നീളം 100 ഉള്ള ഒരു തിരശ്ചീന മേജർ അക്ഷം, (± 30, 0) എന്നിവയിൽ കേന്ദ്രം കണ്ടെത്തുക.",(x^2/2500) + (y^2/1600) = 1,Ellipse
"Determine the equation of the ellipse with vertices at (0, 7) and (0, -7) and foci at (0, 5) and (0, -5).","(0, 7) और (0, -7) और foci (0, 5) और (0, -5) पर कोने के साथ दीर्घवृत्त के समीकरण का निर्धारण करें।",(0 ، 7) اور (0 ، -7) اور (0 ، 5) اور (0 ، -5) پر (0 ، 7) اور (0 ، -7) اور فوکس کے ساتھ بیضوی مساوات کا تعین کریں۔,"(0, 7) এবং (0, -7) এবং ফোকি (0, 5) এবং (0, -5) এ উল্লম্বের সাথে উপবৃত্তের সমীকরণ নির্ধারণ করুন।","(0, 7) અને (0, -7) પર શિરોબિંદુઓ અને (0, 5) અને (0, -5) પર ફોકસી સાથે લંબગોળનું સમીકરણ નક્કી કરો.","(0, 7), (0, 5, -7) എന്നിവയും (0, 5), (0) എന്നിവയും (0, 5) യിലും (0)) യിലും (0, 5) എന്ന വിലാസങ്ങളുള്ള വെർട്ടീസുകളുള്ള ദീർഷകത്തിന്റെ സമവാക്യം നിർണ്ണയിക്കുക.",(x^2/24) + (y^2/49) = 1,Ellipse
"Write the equation of an ellipse that passes through the points (3, 0) and (0, 2) with a horizontal major axis.","एक दीर्घवृत्त के समीकरण को लिखें जो एक क्षैतिज प्रमुख अक्ष के साथ अंक (3, 0) और (0, 2) से होकर गुजरता है।",افقی بڑے محور کے ساتھ پوائنٹس (3 ، 0) اور (0 ، 2) سے گزرنے والے بیضوی کی مساوات لکھیں۔,"অনুভূমিক প্রধান অক্ষের সাথে পয়েন্টগুলি (3, 0) এবং (0, 2) এর মধ্য দিয়ে যায় এমন একটি উপবৃত্তের সমীকরণটি লিখুন।","આડા મુખ્ય અક્ષ સાથે પોઇન્ટ્સ (3, 0) અને (0, 2) દ્વારા પસાર થતા લંબગોળનું સમીકરણ લખો.","ഒരു ദീർഘനങ്ങൾ (3, 0), (0, 2), (0, 2) എന്നിവയിലൂടെ തിരശ്ചീന പ്രധാന അക്ഷം ഉപയോഗിച്ച് കടന്നുപോകുന്നു.",(x^2/9) + (y^2/4) = 1,Ellipse
Find the area of an ellipse with the equation x^2/4 + y^2/9 = 1.,समीकरण x^2/4 + y^2/9 = 1 के साथ एक दीर्घवृत्त का क्षेत्र खोजें।,مساوات x^2/4 + y^2/9 = 1 کے ساتھ بیضوی شکل کا رقبہ تلاش کریں۔,X^2/4 + y^2/9 = 1 সমীকরণ সহ একটি উপবৃত্তের ক্ষেত্রটি সন্ধান করুন।,X^2/4 + y^2/9 = 1 સમીકરણ સાથે લંબગોળનું ક્ષેત્ર શોધો.,എക്സ് ^ 2/4 y ^ 2/9 = 1 സമമാതി ഉപയോഗിച്ച് ഒരു ദീർഘവൃത്തത്തിന്റെ പ്രദേശം കണ്ടെത്തുക.,6*pi = 18.84,Ellipse
"Find the equation of an ellipse with a center at (-2, 1), a horizontal major axis of length 12, and a vertical minor axis of length 8.","(-2, 1) पर एक केंद्र के साथ एक दीर्घवृत्त के समीकरण का पता लगाएं, लंबाई 12 का एक क्षैतिज प्रमुख अक्ष, और लंबाई 8 का एक ऊर्ध्वाधर मामूली अक्ष।",(-2 ، 1) ، لمبائی 12 کا افقی اہم محور ، اور لمبائی 8 کے عمودی معمولی محور پر کسی مرکز کے ساتھ بیضوی مساوات کا پتہ لگائیں۔,"(-2, 1) এ কেন্দ্রের সাথে একটি উপবৃত্তের সমীকরণটি সন্ধান করুন, দৈর্ঘ্যের 12 এর একটি অনুভূমিক প্রধান অক্ষ এবং দৈর্ঘ্যের 8 এর একটি উল্লম্ব ছোট অক্ষ।","(-2, 1) પર કેન્દ્ર સાથે લંબગોળનું સમીકરણ, લંબાઈ 12 ની આડી મુખ્ય અક્ષ અને લંબાઈ 8 ની ical ભી નાના અક્ષો શોધો.","ഒരു സെന്റർ (-2, 1), ഒരു തിരശ്ചീന പ്രധാന അക്ഷം, ദൈർഘ്യമുള്ള ഒരു ചെറിയ അക്ഷം 8 എന്നിവ ഉപയോഗിച്ച് ഒരു ദീർഘവൃത്തത്തിന്റെ സമവാക്യം കണ്ടെത്തുക.",(x+2^2/36) + (y-1^2/16) = 1,Ellipse
Determine the foci and vertices of the ellipse given by (x - 1)^2/9 + (y + 2)^2/16 = 1.,(X - 1)^2/9 + (y + 2)^2/16 = 1 द्वारा दिए गए दीर्घवृत्त के foci और कोने निर्धारित करें।,(x - 1)^2/9 + (y + 2)^2/16 = 1 کے ذریعہ دیئے گئے بیضوی شکل کے فوکس اور عمودی کا تعین کریں۔,(X - 1)^2/9 + (y + 2)^2/16 = 1 দ্বারা প্রদত্ত উপবৃত্তের ফোকি এবং শীর্ষগুলি নির্ধারণ করুন।,(X - 1)^2/9 + (y + 2)^2/16 = 1 દ્વારા આપવામાં આવેલ લંબગોળની ફોકસી અને શિરોબિંદુ નક્કી કરો.,(X - 1) ^ 2/9 + (Y + 2) ^ 2/16 = 1 നൽകുന്ന എലിപ്സിന്റെ ഫോക്കറ്റും ലംബവും നിർണ്ണയിക്കുക.,"Vertices = (1,4) and (1,-4)
Foci = (1,sqrt(7)) and (1, -sqrt(7))",Ellipse
"Write the equation of an ellipse with a center at (4, -3), a vertical major axis of length 14, and a horizontal minor axis of length 10.","(4, -3) पर एक केंद्र के साथ एक दीर्घवृत्त का समीकरण लिखें, लंबाई 14 की एक ऊर्ध्वाधर प्रमुख अक्ष, और लंबाई 10 का एक क्षैतिज मामूली अक्ष।",(4 ، -3) ، لمبائی 14 کا عمودی اہم محور ، اور لمبائی 10 کا افقی معمولی محور ، ایک مرکز کے ساتھ بیضوی شکل کا مساوات لکھیں۔,"(4, -3) এ কেন্দ্রের সাথে একটি উপবৃত্তের সমীকরণটি লিখুন, দৈর্ঘ্যের 14 এর একটি উল্লম্ব প্রধান অক্ষ এবং দৈর্ঘ্যের 10 এর একটি অনুভূমিক ছোট অক্ষ।","(4, -3) ના કેન્દ્ર સાથે લંબગોળનું સમીકરણ, લંબાઈ 14 ની vert ભી મુખ્ય અક્ષ અને લંબાઈ 10 ની આડી નાની અક્ષો લખો.","ഒരു സെന്റർ (4, -3) എന്ന സെന്റർ ഉപയോഗിച്ച് ഒരു സെന്റർ ഉപയോഗിച്ച് ഒരു സെന്റർ ഉപയോഗിച്ച് ഒരു സെന്റർ.",(x - 4)^2/25 + (y+3)^2/49 = 1,Ellipse
"Find the equation of a hyperbola with foci at (±6, 0) and vertices at (±4, 0).","(± 6, 0) पर foci के साथ एक हाइपरबोला के समीकरण का पता लगाएं और (± 4, 0) पर वर्टिस।",(± 4 ، 0) پر فوکی کے ساتھ ہائپربولا کی مساوات اور (± 4 ، 0) پر عمودی تلاش کریں۔,"(± 6, 0) এবং শীর্ষে (± 4, 0) এ ফোকি সহ হাইপারবোলার সমীকরণটি সন্ধান করুন।","(± 6, 0) પર ફોકસી અને (± 4, 0) પર શિરોબિંદુઓ સાથે હાયપરબોલાનું સમીકરણ શોધો.","(± 6, 0) ലംബമായ ഒരു ഹൈപ്പർബോളയുടെ സമവാക്യം (± 4, 0)",(x^2)/16 - (y^2)/20= 1,Hyperbola
Determine the asymptotes and foci of the hyperbola x^2/9 - y^2/16 = 1.,हाइपरबोला x^2/9 - y^2/16 = 1 के asymptotes और foci निर्धारित करें।,ہائپربولا x^2/9 - y^2/16 = 1 کے asymptotes اور فوکس کا تعین کریں۔,হাইপারবোলা x^2/9 - y^2/16 = 1 এর অ্যাসিম্পটোটেস এবং ফোকি নির্ধারণ করুন।,હાયપરબોલા x^2/9 - y^2/16 = 1 ની એસિમ્પ્ટોટ્સ અને ફોકસી નક્કી કરો.,അസിംപ്റ്റോട്ടുകളും ഹൈപ്പർബോള x ^ 2/9 - Y ^ 2/16 = 1 ന്റെ മുൻകൂട്ടി നിർണ്ണയിക്കുക.,"Foci: (5,0) and (−5,0)",Hyperbola
"Write the equation of a hyperbola with a center at (2, 3), transverse axis of length 6, and conjugate axis of length 8.","(2, 3), लंबाई 6 के अनुप्रस्थ अक्ष, और लंबाई 8 के संयुग्म अक्ष पर एक केंद्र के साथ एक हाइपरबोला का समीकरण लिखें।",ایک سنٹر (2 ، 3) ، لمبائی 6 کے ٹرانسورس محور ، اور لمبائی 8 کے مشترکہ محور پر ایک ہائپربولا کی مساوات لکھیں۔,"(2, 3), দৈর্ঘ্যের 6 এর ট্রান্সভার্স অক্ষ এবং দৈর্ঘ্যের 8 এর সংশ্লেষ অক্ষের সাথে একটি হাইপারবোলার সমীকরণটি লিখুন।","(2, 3), લંબાઈ 6 ના ટ્રાંસવર્સ અક્ષ અને લંબાઈ 8 ની ક j ન્જ્યુગેટ અક્ષ સાથે હાયપરબોલાનું સમીકરણ લખો.","ഒരു ഹൈപ്പർബോളയുടെ (2, 3), നീളമുള്ള 60 നീളമുള്ള ആക്സിസ്, നീളത്തിന്റെ കൺജഗേറ്റ് എന്നിവ ഉപയോഗിച്ച് ഒരു ഹൈപ്പർബോളയുടെ സമവാക്യം എഴുതുക, ഒപ്പം നീളത്തിന്റെ കൺജഗേറ്റ് 8.",x^2/9 - y^2/16 = 1,Hyperbola
Convert the equation 4x^2 - 9y^2 = 36 into the standard form of a hyperbola.,समीकरण 4x^2 - 9y^2 = 36 को हाइपरबोला के मानक रूप में परिवर्तित करें।,مساوات 4x^2 - 9y^2 = 36 کو ہائپربولا کی معیاری شکل میں تبدیل کریں۔,সমীকরণ 4x^2 - 9y^2 = 36 কে হাইপারবোলার স্ট্যান্ডার্ড আকারে রূপান্তর করুন।,4x^2 - 9y^2 = 36 ને હાયપરબોલાના માનક સ્વરૂપમાં સમીકરણ રૂપાંતરિત કરો.,ഒരു സമവാക്യം 4x ^ 2 - 9y ^ 2 = 36 ഒരു ഹൈപ്പർബോളയുടെ സ്റ്റാൻഡേർഡ് രൂപത്തിലേക്ക് പരിവർത്തനം ചെയ്യുക.,x^2/9 - y^2/4 = 1,Hyperbola
Find the eccentricity of the hyperbola y^2/25 - x^2/16 = 1.,हाइपरबोला y^2/25 - x^2/16 = 1 की विलक्षणता का पता लगाएं।,ہائپربولا Y^2/22 - x^2/16 = 1 کی سنکیچیت تلاش کریں۔,হাইপারবোলা y^2/25 - x^2/16 = 1 এর উদ্দীপনা সন্ধান করুন।,હાયપરબોલા વાય^2/2 25 - x^2/16 = 1 ની વિચિત્રતા શોધો.,ഹൈപ്പർബോള y ^ 2/8 - x ^ 2/16 = 1 ന്റെ ഉത്കേന്ദ്രത കണ്ടെത്തുക.,sqrt(41)/5,Hyperbola
"A hyperbola has foci at (0, ±5) and vertices at (0, ±3). Write its equation.","एक हाइपरबोला में (0, ± 5) और वर्टिस (0,) 3) पर foci होता है।इसके समीकरण लिखें।",ایک ہائپربولا میں (0 ، ± 5) اور عمودی (0 ، ± 3) پر فوکس ہے۔اس کی مساوات لکھیں۔,"একটি হাইপারবোলার (0, ± 5) এ ফোকি রয়েছে এবং (0, ± 3) এ ভার্চিস রয়েছে।এর সমীকরণ লিখুন।","હાયપરબોલામાં (0, ± 5) અને (0, ± 3) પર શિરોબિંદુઓ છે.તેના સમીકરણ લખો.","ഒരു ഹൈപ്പർബോളയ്ക്ക് (0, ± 5), ലംബ എന്നിവിടങ്ങളിൽ (0, ± 3) ൽ ഫോക്കിയിലാണ്.അതിന്റെ സമവാക്യം എഴുതുക.", y^2/9 − x^2/16 =1 .,Hyperbola
"Determine the equation of a hyperbola with vertices at (5, 0) and (-5, 0) and asymptotes with slopes of ±3/5.","(5, 0) और (-5, 0) और asymptotes के साथ एक हाइपरबोला के समीकरण का निर्धारण करें और ± 3/5 की ढलान के साथ asymptotes।",(5 ، 0) اور (-5 ، 0) اور ± 3/5 کی ڈھلوان کے ساتھ asymptotes پر عمودی کے ساتھ ہائپربولا کی مساوات کا تعین کریں۔,"(5, 0) এবং (-5, 0) এবং ± 3/5 এর op ালু সহ অ্যাসিপটোটোটস এ হাইপারবোলার সমীকরণ নির্ধারণ করুন।","(5, 0) અને (-5, 0) પર શિરોબિંદુઓ અને ± 3/5 ની op ોળાવ સાથે એસિમ્પ્ટોટ્સવાળા હાયપરબોલાના સમીકરણ નક્કી કરો.","(5, 0, 0), അസിംപ്റ്റോട്ടുകൾ എന്നിവ ഉപയോഗിച്ച് ഒരു ഹൈപ്പർബോളയുടെ സമവാക്യം നിർണ്ണയിക്കുക ± 3/5 ചരിവുകൾ",x^2/25 - y^2/9 = 1,Hyperbola
"Find the foci, vertices, and asymptotes of the hyperbola x^2/4 - y^2/9 = 1.","हाइपरबोला x^2/4 - y^2/9 = 1 के foci, vertices, और asymptotes का पता लगाएं।",ہائپربولا X^2/4 - y^2/9 = 1 کے فوکی ، عمودی اور asyptotes تلاش کریں۔,"হাইপারবোলা x^2/4 - y^2/9 = 1 এর ফোকি, শীর্ষগুলি এবং অ্যাসিম্পোটোটগুলি সন্ধান করুন।","હાયપરબોલા x^2/4 - y^2/9 = 1 ની ફોકસી, શિરોબિંદુઓ અને એસિમ્પ્ટોટ્સ શોધો.","ഹൈപ്പർബോള x ^ 2/8 ^ 2/8 ^ 2/8 / 4 ന്റെ ഒരു ഫോക്കി, ലംബങ്ങൾ, അസംപ്ടോട്ടങ്ങൾ എന്നിവ കണ്ടെത്തുക.","Foci: (sqrt(13),0) and (−sqrt(13),0)
Vertices: (2,0) and (-2,0)
assympotes: y = +1.5x and -1.5x",Hyperbola
"Find the equation of the hyperbola satisfying the given conditions.
foci(0,±√10),passing through (2,3)","दी गई शर्तों को संतुष्ट करने वाले हाइपरबोला का समीकरण खोजें।
foci(0,±√10),गुजर रहा है (2,3)","ایک ہائپربولا کی مساوات لکھیں جو نقطہ (2,3) سے گزرتا ہے اور (0,±√10) پر فوکس ہوتا ہے۔","হাইপারবোলার সমীকরণটি লিখুন যা বিন্দু (42,3) এর মধ্য দিয়ে যায় এবং (0,±√10) এ ফোকি রয়েছে।","હાયપરબોલાના સમીકરણ લખો જે બિંદુ (2,3) માંથી પસાર થાય છે અને (0,±√10) પર ધ્યાન કેન્દ્રિત કરે છે.","ഒരു ഹൈപ്പർബോളയുടെ സമവാക്യം (2,3), (0,±√10) എന്നിവയിൽ സ്ഥിരമുണ്ട്.",y^2/5 - x^2/5 = 1,Hyperbola
Find the equation of a hyperbola with a horizontal transverse axis and asymptotes with slopes of ±2.,एक क्षैतिज अनुप्रस्थ अक्ष के साथ एक हाइपरबोला के समीकरण का पता लगाएं और। 2 की ढलान के साथ एसिम्प्टोट्स।,افقی ٹرانسورس محور اور ± 2 کے ڈھلوان کے ساتھ اسیمپٹوٹس کے ساتھ ہائپربولا کی مساوات تلاش کریں۔,অনুভূমিক ট্রান্সভার্স অক্ষ এবং ± 2 এর op ালু সহ অ্যাসিম্পোটোটেস সহ একটি হাইপারবোলার সমীকরণটি সন্ধান করুন।,આડી ટ્રાંસવર્સ અક્ષ અને ± 2 ની op ોળાવ સાથે એસિમ્પ્ટોટ્સ સાથે હાયપરબોલાનું સમીકરણ શોધો.,"തിരശ്ചീന തിരശ്ചീന അച്ചുതണ്ട്, ± 2 ന്റെ ചരിവുകൾ ഉപയോഗിച്ച് തിരശ്ചീന തിരശ്ചീന അക്ഷവും അസിംപ്റ്റോട്ടുകളും ഉപയോഗിച്ച് ഒരു ഹൈപ്പർബോളയുടെ സമവാക്യം കണ്ടെത്തുക.",x^2 - y^2/4 = 1,Hyperbola
"Find the equation of a hyperbola with foci at (0, ±5) and vertices at (0, ±3).","(0,) 5) और वर्टिस (0,, 3) पर foci के साथ एक हाइपरबोला के समीकरण का पता लगाएं।",(0 ، ± 5) اور (0 ، ± 3) پر فوکس کے ساتھ ہائپربولا کی مساوات تلاش کریں۔,"(0, ± 5) এ ফোকি সহ হাইপারবোলার সমীকরণ এবং (0, ± 3) এ শীর্ষে সন্ধান করুন।","(0, ± 5) અને (0, ± 3) પર ફોકસી અને શિરોબિંદુઓ સાથે હાયપરબોલાનું સમીકરણ શોધો.","(0, ± 5), ലംബ, (0, ± 3) എന്നിവയിൽ ഒരു ഹൈപ്പർബോളയുടെ സമവാക്യം കണ്ടെത്തുക.", y^2/9 − x^2/16 =1 .,Hyperbola