Problem,Hindi Original,Urdu ,Bengali,Gujrati,Malayalam,Solution,Categories
"Write the sixth term in the following sequences defined by an = 2n + 5,","An = 2n + 5 द्वारा परिभाषित निम्नलिखित अनुक्रमों में छठा शब्द लिखें,",مندرجہ ذیل ترتیب میں چھٹی اصطلاح ایک = 2N + 5 کے ذریعہ بیان کردہ لکھیں ،,An = 2n + 5 দ্বারা সংজ্ঞায়িত নিম্নলিখিত ক্রমগুলিতে ষষ্ঠ পদটি লিখুন,"એક = 2 એન + 5 દ્વારા વ્યાખ્યાયિત નીચેના સિક્વન્સમાં છઠ્ઠી શબ્દ લખો,","An = 2n + 5 നിർവചിച്ച സീക്വുകളിൽ ആറാമത്തെ കാലാവധി എഴുതുക,",17,Sequences
Write the seventh term in each of the following sequences defined by an = (n-3)/4,An = (n-3)/4 द्वारा परिभाषित निम्नलिखित अनुक्रमों में से प्रत्येक में सातवां शब्द लिखें,مندرجہ ذیل میں سے ہر ایک میں ساتویں اصطلاح ایک = (N-3)/4 کے ذریعہ بیان کردہ لکھیں,আন = (এন -3)/4 দ্বারা সংজ্ঞায়িত প্রতিটি সিকোয়েন্সগুলিতে সপ্তম মেয়াদ লিখুন,નીચેના દરેક સિક્વન્સમાં સાતમી શબ્દ લખો એન = (એન -3)/4 દ્વારા વ્યાખ્યાયિત કરો,An = (n-3) / 4 നിർവചിച്ചിരിക്കുന്ന ഇനിപ്പറയുന്ന ഓരോ സീക്വൻസുകളിൽ ഏഴാമത്തെ തവണ എഴുതുക,1,Sequences
"What is the 40th term of the sequence defined by
an = (n – 3) (4 – n) (5 + n) ?","द्वारा परिभाषित अनुक्रम का 40 वां शब्द क्या है
एक = (n - 3) (4 - n) (5 + n)?","ترتیب کی 40 ویں اصطلاح کیا ہے جس کی وضاحت کی گئی ہے؟
an = (n - 3) (4 - n) (5 + n)؟","দ্বারা সংজ্ঞায়িত ক্রমের 40 তম শব্দটি কী
an = (n - 3) (4 - n) (5 + n)?","દ્વારા નિર્ધારિત ક્રમની 40 મી મુદત શું છે?
an = (n - 3) (4 - n) (5 + n)?","നിർവചിച്ചിരിക്കുന്ന സീക്വൻസ് 40-ാം പദം എന്താണ്
an = (n - 3) (4 - N) (5 + N)?",– 59940,Sequences
"Let the sequence an be defined as follows:
a1 = 1, an = an-1 + 10 for n ≥ 2.
Find first five terms and write corresponding series.","अनुक्रम को निम्नानुसार परिभाषित किया जाए:
a1 = 1, n = a-1 + 10 के लिए n। 2।
पहले पांच शर्तें खोजें और संबंधित श्रृंखला लिखें।","اس ترتیب کو مندرجہ ذیل کے طور پر بیان کرنے دیں:
a1 = 1 ، an = an-1 + 10 n ≥ 2 کے لئے۔
پہلی پانچ شرائط تلاش کریں اور اسی طرح کی سیریز لکھیں۔","ক্রমটি নিম্নলিখিত হিসাবে সংজ্ঞায়িত করা যাক:
A1 = 1, an = an-1 + 10 n ≥ 2 এর জন্য।
প্রথম পাঁচটি শর্তাদি সন্ধান করুন এবং সংশ্লিষ্ট সিরিজটি লিখুন।","ક્રમને નીચે મુજબ વ્યાખ્યાયિત કરવા દો:
એ 1 = 1, એન ≥ 2 માટે એક = એએન -1 + 10.
પ્રથમ પાંચ નિયમો શોધો અને સંબંધિત શ્રેણી લખો.","സീക്വൻസ് ഇനിപ്പറയുന്ന രീതിയിൽ നിർവചിക്കട്ടെ:
A1 = 1, N ≥ 2 ന് A = AN-1 + 10.
ആദ്യ അഞ്ച് പദങ്ങൾ കണ്ടെത്തി അനുബന്ധ സീരീസ് എഴുതുക.",1 + 11 + 21 + 31 + 41,Series
"Write the first five terms of each of the sequences whose nth
term is given by an = n (n + 4)","प्रत्येक अनुक्रम के पहले पांच शर्तें लिखें जिनके nth
शब्द एक = n (n + 4) द्वारा दिया गया है","ہر ایک سلسلے کی پہلی پانچ شرائط لکھیں جس کے نویں
اصطلاح an = n (n + 4) کے ذریعہ دی گئی ہے","যার প্রতিটি সিকোয়েন্সের প্রথম পাঁচটি শর্ত লিখুন
শব্দটি an = n (n + 4) দ্বারা দেওয়া হয়","દરેક સિક્વન્સની પ્રથમ પાંચ શરતો લખો જેના નવમા
શબ્દ an = n (n + 4) દ્વારા આપવામાં આવે છે","ഓരോ സീക്വൻസുകളുടെയും ആദ്യ അഞ്ച് പദങ്ങൾ എഴുതുക
ഒരു = n (n + 4) എന്ന് പദം നൽകിയിരിക്കുന്നു","5, 12, 21, 32, 35",Sequences
"Write the first three terms of each of the sequences whose nth
term is given by an = 2^n","प्रत्येक अनुक्रम के पहले तीन शब्द लिखें, जिनके nth
शब्द एक = 2^n द्वारा दिया गया है","ہر ایک سلسلے کی پہلی تین شرائط لکھیں جس کے نویں
اصطلاح ایک = 2^n کے ذریعہ دی گئی ہے","যার প্রতিটি সিকোয়েন্সের প্রথম তিনটি শর্ত লিখুন
শব্দটি একটি = 2^n দ্বারা দেওয়া হয়","દરેક સિક્વન્સની પ્રથમ ત્રણ શરતો લખો જેના નવમા
શબ્દ એક = 2^n દ્વારા આપવામાં આવે છે","ഓരോ സീക്വൻസുകളുടെയും ആദ്യ മൂന്ന് പദങ്ങൾ എഴുതുക
ഒരു = 2 ^ n ആണ് ഈ പദം നൽകുന്നത്","2,4,8 ",Sequences
"Write the fifth terms of the series for which a1 = 5, an = 5an – 1 + 5 for all n > 1","श्रृंखला के पांचवें शब्द लिखें जिसके लिए A1 = 5, AN = 5AN - 1 + 5 सभी के लिए> 1",سیریز کی پانچویں شرائط لکھیں جس کے لئے A1 = 5 ، an = 5an - 1 + 5 تمام n> 1 کے لئے,"সিরিজের পঞ্চম শর্তাদি লিখুন যার জন্য A1 = 5, an = 5an - 1 + 5 সমস্ত n> 1 এর জন্য","શ્રેણીની પાંચમી શરતો લખો જેના માટે A1 = 5, AN = 5AN - 1 + 5 બધા N> 1 માટે","A1 = 5, An = 5an - 1 + + 5 എന്ന പരമ്പരയിലെ അഞ്ചാമത്തെ നിബന്ധനകൾ എഴുതുക",3905,Series
"Write the fifth terms of the series for which a1 = 3, an = 3an – 1 + 2 for all n > 1","श्रृंखला के पांचवें शब्द लिखें जिसके लिए A1 = 3, AN = 3AN - 1 + 2 सभी के लिए> 1",سیریز کی پانچویں شرائط لکھیں جس کے لئے A1 = 3 ، an = 3an - 1 + 2 تمام n> 1 کے لئے,"সিরিজের পঞ্চম শর্তাদি লিখুন যার জন্য A1 = 3, an = 3an - 1 + 2 সমস্ত n> 1 এর জন্য","શ્રેણીની પાંચમી શરતો લખો જેના માટે A1 = 3, AN = 3AN - 1 + 2 બધા N> 1 માટે","A1 = 3, An = 3an - 1 + 2 - 1 + 2 എന്നിവയുടെ അഞ്ചാമത്തെ നിബന്ധനകൾ എഴുതുക",323,Series
"Write the fifth terms of the series for which a1 = a2 = 4, an = an – 1 –3, n > 2","श्रृंखला के पांचवें शब्द लिखें जिसके लिए A1 = A2 = 4, AN = AN - 1–3, N> 2",سیریز کی پانچویں شرائط لکھیں جس کے لئے A1 = A2 = 4 ، an = an - 1 –3 ، n> 2,"সিরিজের পঞ্চম শর্তাদি লিখুন যার জন্য A1 = a2 = 4, an = an - 1 –3, n> 2","શ્રેણીની પાંચમી શરતો લખો જેના માટે A1 = A2 = 4, an = an - 1 –3, n> 2","A1 = A2 = 4, AN = AN 1 -3, n> 2 എന്നിവയ്ക്കായി അഞ്ചാമത്തെ നിബന്ധനകൾ എഴുതുക",-5,Series
"Write the first fifth term in the series for which an = (–1)an – 1, a1 = 0","श्रृंखला में पहला पांचवां शब्द लिखें जिसके लिए AN = (-1) AN - 1, A1 = 0",سیریز میں پہلی پانچویں اصطلاح لکھیں جس کے لئے ایک = (–1) an - 1 ، a1 = 0,"সিরিজে প্রথম পঞ্চম শব্দটি লিখুন যার জন্য একটি = (–1) এ - 1, এ 1 = 0","શ્રેણીમાં પ્રથમ પાંચમો શબ્દ લખો જેના માટે એન = (–1) એન - 1, એ 1 = 0","ഒരു = (-1) ഒരു - 1, A1 = 0 എന്ന പരമ്പരയിൽ ആദ്യത്തേത് എഴുതുക",0,Series
"Find the 12th term of the Geometric Progression. 7, 49, 343,… .","ज्यामितीय प्रगति के 12 वें कार्यकाल का पता लगाएं।7, 49, 343,…।",ہندسی ترقی کی 12 ویں اصطلاح تلاش کریں۔7 ، 49 ، 343 ،….,"জ্যামিতিক অগ্রগতির 12 তম শব্দটি সন্ধান করুন।7, 49, 343,…।","ભૌમિતિક પ્રગતિની 12 મી મુદત શોધો.7, 49, 343,….","ജ്യാമിതീയ പുരോഗതിയുടെ പന്ത്രണ്ടാമത്തെ കാലാവധി കണ്ടെത്തുക.7, 49, 343, ....",7^12,Geometric Progression
"Which term of the Geometric Progression., 4,64,1024, ... up to n terms is 262144?","ज्यामितीय प्रगति का कौन सा शब्द।, 4,64,1024, ... एन शर्तों तक 262144 है?",ہندسی ترقی کی کون سی اصطلاح ، 4،64،1024 ، ... ن شرائط تک 262144 ہے؟,জ্যামিতিক অগ্রগতির কোন শব্দটি।,"ભૌમિતિક પ્રગતિનો કયો શબ્દ., 4,64,1024, ... એન શરતો સુધી 262144 છે?","ഏത് കാലാവധിയാണ് ജ്യാമിതീയ പുരോഗത്യ., 4,64,1024, ... നിബന്ധനകൾ 262144 ആണ്?",5,Geometric Progression
"In a Geometric Progression., the 3rd term is 24 and the 5th term is 384. Find the 12th term","एक ज्यामितीय प्रगति में।, तीसरा शब्द 24 है और 5 वां शब्द 384 है। 12 वीं अवधि का पता लगाएं",ہندسی ترقی میں۔ ، تیسری اصطلاح 24 اور 5 ویں اصطلاح 384 ہے۔ 12 ویں اصطلاح تلاش کریں,"একটি জ্যামিতিক অগ্রগতিতে।, তৃতীয় শব্দটি 24 এবং 5 তম শব্দটি 384. দ্বাদশ পদটি সন্ধান করুন","ભૌમિતિક પ્રગતિમાં., 3 જી શબ્દ 24 છે અને 5 મી ટર્મ 384 છે. 12 મી ટર્મ શોધો","ഒരു ജ്യാമിതീയ പുരോഗതിയിൽ., മൂന്നാം കാലാവധി 24 ഉം അഞ്ചാമത്തെ കാലാവധി 384 ഉം ആണ്. പന്ത്രണ്ടാമത്തെ ടേം കണ്ടെത്തുക",6291456,Geometric Progression
"Find the sum of first n terms and the sum of first 5 terms of the geometric
series 3 + 6/3 + 12/9 + ...","पहले n शर्तों का योग और ज्यामितीय के पहले 5 शर्तों का योग खोजें
श्रृंखला 3 + 6/3 + 12/9 + ...","پہلی ن شرائط کا مجموعہ اور جیومیٹرک کی پہلی 5 شرائط کا مجموعہ تلاش کریں
سیریز 3 + 6/3 + 12/9 + ...","প্রথম এন পদগুলির যোগফল এবং জ্যামিতিকের প্রথম 5 পদগুলির যোগফল সন্ধান করুন
সিরিজ 3 + 6/3 + 12/9 + ...","પ્રથમ એન શરતોનો સરવાળો અને ભૌમિતિકની પ્રથમ 5 શરતોનો સરવાળો શોધો
શ્રેણી 3 + 6/3 + 12/9 + ...","ആദ്യ എൻ നിബന്ധനകളുടെ ആകെത്തുകയും ജ്യാമിതീയത്തിന്റെ ആദ്യ 5 നിബന്ധനകളുടെ ആകെത്തുകയും കണ്ടെത്തുക
സീരീസ് 3 + 6/3 + 12/9 +",633/81,Geometric Progression
"How many terms of the Geometric Progression. 3, 3/2 , 3/4 ,... are needed to give the
sum 6141/1024 ?","ज्यामितीय प्रगति के कितने शब्द।3, 3/2, 3/4, ... देने की आवश्यकता है
SUM 6141/1024?","ہندسی ترقی کی کتنی شرائط۔3 ، 3/2 ، 3/4 ، ... دینے کے لئے درکار ہیں
رقم 6141/1024؟","জ্যামিতিক অগ্রগতির কতগুলি শর্ত।3, 3/2, 3/4, ... দেওয়ার প্রয়োজন
যোগফল 6141/1024?","ભૌમિતિક પ્રગતિની કેટલી શરતો.3, 3/2, 3/4, ... આપવા માટે જરૂરી છે
સરવાળો 6141/1024?","ജ്യാമിതീയ പുരോഗതിയുടെ എത്ര നിബന്ധനകൾ.3, 3/2, 3/4, ... നൽകാൻ ആവശ്യമാണ്
ആകെ 6141/1024?",11,Geometric Progression
"The sum of first three terms of a Geometric Progression. is
13/12 and their product is – 1. Find the common ratio.","एक ज्यामितीय प्रगति के पहले तीन शब्दों का योग।है
13/12 और उनका उत्पाद है - 1. सामान्य अनुपात का पता लगाएं।","ہندسی ترقی کی پہلی تین شرائط کا مجموعہ۔ہے
13/12 اور ان کی مصنوعات ہے - 1. عام تناسب تلاش کریں۔","জ্যামিতিক অগ্রগতির প্রথম তিনটি পদগুলির যোগফল।হয়
13/12 এবং তাদের পণ্য হ'ল - 1. সাধারণ অনুপাতটি সন্ধান করুন।","ભૌમિતિક પ્રગતિની પ્રથમ ત્રણ શરતોનો સરવાળો.છે
13/12 અને તેમનું ઉત્પાદન છે - 1. સામાન્ય ગુણોત્તર શોધો.","ഒരു ജ്യാമിതീയ പുരോഗതിയുടെ ആദ്യ മൂന്ന് നിബന്ധനകളുടെ ആകെത്തുക.ആകുന്നു
13/12 അവരുടെ ഉൽപ്പന്നം - 1. സാധാരണ അനുപാതം കണ്ടെത്തുക.",-4/3,Geometric Progression
"A person has 2 parents, 4 grandparents, 8 great grand parents, and so on. Find the number of his ancestors during the ten generations preceding his own.","एक व्यक्ति के 2 माता -पिता, 4 दादा -दादी, 8 महान भव्य माता -पिता, और इतने पर हैं।दस पीढ़ियों के दौरान अपने पूर्वजों की संख्या का पता लगाएं।",ایک شخص کے 2 والدین ، ​​4 دادا دادی ، 8 عظیم نانا والدین ، ​​وغیرہ ہیں۔اس کے اپنے آباؤ اجداد کی تعداد کو دس نسلوں کے دوران تلاش کریں۔,"একজন ব্যক্তির 2 জন পিতা -মাতা, 4 দাদা -দাদি, 8 জন গ্র্যান্ড পিতা -মাতা এবং আরও অনেক কিছু রয়েছে।তাঁর নিজের পূর্বের দশ প্রজন্মের সময় তাঁর পূর্বপুরুষদের সংখ্যা সন্ধান করুন।","વ્યક્તિના 2 માતાપિતા, 4 દાદા -દાદી, 8 મહાન ભવ્ય માતાપિતા અને તેથી વધુ હોય છે.તેની પોતાની પહેલાંની દસ પે generations ી દરમિયાન તેના પૂર્વજોની સંખ્યા શોધો.","ഒരു വ്യക്തിക്ക് 2 മാതാപിതാക്കൾ ഉണ്ട്, 4 മുത്തശ്ശിമാർ, 8 മികച്ച മഹത്തായ മാതാപിതാക്കൾ.സ്വന്തമായി മുമ്പുള്ള പത്ത് തലമുറകളിൽ അവന്റെ പൂർവ്വികരുടെ എണ്ണം കണ്ടെത്തുക.",2046,Geometric Progression
"Insert three numbers between 1 and 4096 so that the resulting sequence
is a Geometric Progression.","1 और 4096 के बीच तीन संख्याएं डालें ताकि परिणामी अनुक्रम हो
एक ज्यामितीय प्रगति है।","1 اور 4096 کے درمیان تین نمبر داخل کریں تاکہ نتیجے میں ترتیب
ہندسی ترقی ہے۔","1 এবং 4096 এর মধ্যে তিনটি সংখ্যা সন্নিবেশ করুন যাতে ফলাফলের ক্রম
একটি জ্যামিতিক অগ্রগতি।","1 અને 4096 ની વચ્ચે ત્રણ નંબરો દાખલ કરો જેથી પરિણામી ક્રમ
ભૌમિતિક પ્રગતિ છે.","1 മുതൽ 4096 വരെ മൂന്ന് സംഖ്യകൾ ചേർക്കുക, അതുവഴി തൽഫലമായുണ്ടാകുന്ന ശ്രേണി
ഒരു ജ്യാമിതീയ പുരോഗതിയാണ്.","8,64,512",Geometric Progression
Find the 14th term of a Geometric Progression. whose 10th term is 384 and the common ratio is 4.,ज्यामितीय प्रगति के 14 वें कार्यकाल का पता लगाएं।जिसका 10 वां शब्द 384 है और सामान्य अनुपात 4 है।,ہندسی ترقی کی 14 ویں اصطلاح تلاش کریں۔جس کی 10 ویں اصطلاح 384 ہے اور مشترکہ تناسب 4 ہے۔,জ্যামিতিক অগ্রগতির 14 তম শব্দটি সন্ধান করুন।যার দশম শব্দটি 384 এবং সাধারণ অনুপাত 4।,ભૌમિતિક પ્રગતિની 14 મી શબ્દ શોધો.જેનો 10 મી શબ્દ 384 છે અને સામાન્ય ગુણોત્તર 4 છે.,"ഒരു ജ്യാമിതീയ പുരോഗതിയുടെ പതിനാലാമത്തെ കാലാവധി കണ്ടെത്തുക.ആരുടെ പത്ത് പദമാണ് 384, സാധാരണ അനുപാതം 4 ആണ്.",98304,Geometric Progression
"The 6th term of a Geometric Progression. is square of its fourth term, and the first term is -10.
Determine its 9th term.","एक ज्यामितीय प्रगति का 6 वां शब्द।इसके चौथे कार्यकाल का वर्ग है, और पहला कार्यकाल -10 है।
इसका 9 वां कार्यकाल निर्धारित करें।","ہندسی ترقی کی 6 ویں اصطلاح۔اس کی چوتھی مدت کا مربع ہے ، اور پہلی مدت -10 ہے۔
اس کی 9 ویں اصطلاح کا تعین کریں۔","জ্যামিতিক অগ্রগতির 6th ষ্ঠ শব্দ।এটি এর চতুর্থ মেয়াদের বর্গক্ষেত্র এবং প্রথম শব্দটি -10।
এর নবম মেয়াদ নির্ধারণ করুন।","ભૌમિતિક પ્રગતિની 6 ઠ્ઠી અવધિ.તેની ચોથી ટર્મનો ચોરસ છે, અને પ્રથમ શબ્દ -10 છે.
તેની 9 મી ટર્મ નક્કી કરો.","ഒരു ജ്യാമിതീയ പുരോഗതിയുടെ ആറാം തവണ.അതിന്റെ നാലാം കാലാവധിയുടെ ചതുരവും ആദ്യകാലവും -10 ആണ്.
അതിന്റെ ഒമ്പതാം കാലാവധി നിർണ്ണയിക്കുക.",-1/10000000,Geometric Progression
"The sum of some terms of Geometric Progression. is 63 whose first term and the common ratio are
1 and 4, respectively. Find the number of terms.","ज्यामितीय प्रगति के कुछ शब्दों का योग।63 है जिसका पहला कार्यकाल और सामान्य अनुपात है
क्रमशः 1 और 4।शर्तों की संख्या खोजें।","ہندسی ترقی کی کچھ شرائط کا مجموعہ۔63 ہے جس کی پہلی مدت اور عام تناسب ہے
بالترتیب 1 اور 4۔شرائط کی تعداد تلاش کریں۔","জ্যামিতিক অগ্রগতির কিছু শর্তের যোগফল।63 যার প্রথম শব্দ এবং সাধারণ অনুপাত হয়
যথাক্রমে 1 এবং 4।শর্তাদি সংখ্যা সন্ধান করুন।","ભૌમિતિક પ્રગતિની કેટલીક શરતોનો સરવાળો.63 છે જેનો પ્રથમ શબ્દ અને સામાન્ય ગુણોત્તર છે
અનુક્રમે 1 અને 4.શરતોની સંખ્યા શોધો.","ജ്യാമിതീയ പുരോഗതിയുടെ ചില നിബന്ധനകളുടെ ആകെത്തുക.ആരുടെ ആദ്യ കാലാവധിയും സാധാരണ അനുപാതമാണ് 63
യഥാക്രമം 1 ഉം 4 ഉം.നിബന്ധനകളുടെ എണ്ണം കണ്ടെത്തുക.",3,Geometric Progression
"A Geometric Progression. consists of an even number of terms. If the sum of all the terms is 5 times
the sum of terms occupying odd places, then find its common ratio.","एक ज्यामितीय प्रगति।एक समान संख्या में शब्द शामिल हैं।यदि सभी शर्तों का योग 5 बार है
विषम स्थानों पर कब्जा करने वाले शब्दों का योग, फिर इसका सामान्य अनुपात पाते हैं।","ایک ہندسی ترقی۔یہاں تک کہ شرائط کی ایک خاص تعداد پر مشتمل ہے۔اگر تمام شرائط کا مجموعہ 5 بار ہے
عجیب جگہوں پر قابض شرائط کا مجموعہ ، پھر اس کا مشترکہ تناسب تلاش کریں۔","একটি জ্যামিতিক অগ্রগতি।শর্তগুলির একটি এমনকি সংখ্যা নিয়ে গঠিত।যদি সমস্ত শর্তের যোগফল 5 বার হয়
বিজোড় স্থানগুলি দখল করে এমন শর্তগুলির যোগফল, তারপরে এর সাধারণ অনুপাতটি সন্ধান করুন।","ભૌમિતિક પ્રગતિ.સમાન શરતોનો સમાવેશ કરે છે.જો બધી શરતોનો સરવાળો 5 વખત છે
વિચિત્ર સ્થાનોને કબજે કરતી શરતોનો સરવાળો, પછી તેનું સામાન્ય ગુણોત્તર શોધો.","ഒരു ജ്യാമിതീയ പുരോഗതി.ഒരു ഇരട്ട നിബന്ധനകൾ ഉൾക്കൊള്ളുന്നു.എല്ലാ നിബന്ധനകളുടെയും ആകെത്തുക 5 തവണയാണെങ്കിൽ
വിചിത്ര സ്ഥലങ്ങൾ കൈവശമുള്ള പദങ്ങളുടെ ആകെത്തുക, തുടർന്ന് അതിന്റെ പൊതുവായ അനുപാതം കണ്ടെത്തുക.",14,Geometric Progression
"The first term of a Geometric Progression. is 10. The sum of the third term and fifth term is 900.
Find the common ratio of Geometric Progression.","एक ज्यामितीय प्रगति का पहला शब्द।10. तीसरे कार्यकाल और पांचवें कार्यकाल का योग 900 है।
ज्यामितीय प्रगति के सामान्य अनुपात का पता लगाएं।","ہندسی ترقی کی پہلی اصطلاح۔ہے 10. تیسری مدت اور پانچویں مدت کا مجموعہ 900 ہے۔
ہندسی ترقی کا مشترکہ تناسب تلاش کریں۔","জ্যামিতিক অগ্রগতির প্রথম শব্দ।IS 10. তৃতীয় মেয়াদের যোগফল এবং পঞ্চম মেয়াদ 900।
জ্যামিতিক অগ্রগতির সাধারণ অনুপাতটি সন্ধান করুন।","ભૌમિતિક પ્રગતિનો પ્રથમ શબ્દ.10. ત્રીજી ટર્મ અને પાંચમી ટર્મનો સરવાળો 900 છે.
ભૌમિતિક પ્રગતિનો સામાન્ય ગુણોત્તર શોધો.","ഒരു ജ്യാമിതീയ പുരോഗതിയുടെ ആദ്യ കാലാവധി.10. മൂന്നാമത്തെ കാലാവധിയും അഞ്ചാമത്തെ കാലാവധിയും 900 ആണ്.
ജ്യാമിതീയ പുരോഗതിയുടെ സാധാരണ അനുപാതം കണ്ടെത്തുക.",3 or -3,Geometric Progression
"The number of bacteria in a certain culture triples every hour. If there were 50
bacteria present in the culture originally, how many bacteria will be present at the
end of 10th hour?","हर घंटे एक निश्चित संस्कृति में बैक्टीरिया की संख्या हर घंटे।अगर 50 थे
मूल रूप से संस्कृति में मौजूद बैक्टीरिया, कितने बैक्टीरिया मौजूद होंगे
10 वें घंटे का अंत?","ایک مخصوص ثقافت میں بیکٹیریا کی تعداد ہر گھنٹے میں تین گنا بڑھ جاتی ہے۔اگر وہاں 50 ہوتے
اصل میں ثقافت میں موجود بیکٹیریا ، کتنے بیکٹیریا میں موجود ہوں گے
10 ویں گھنٹہ کا اختتام؟","একটি নির্দিষ্ট সংস্কৃতিতে ব্যাকটেরিয়ার সংখ্যা প্রতি ঘন্টা ট্রিপল করে।যদি 50 ছিল
মূলত সংস্কৃতিতে উপস্থিত ব্যাকটিরিয়া, কয়টি ব্যাকটিরিয়া উপস্থিত থাকবে
দশম ঘন্টা শেষ?","દર કલાકે ચોક્કસ સંસ્કૃતિમાં બેક્ટેરિયાની સંખ્યા.જો ત્યાં 50 હોત
મૂળ સંસ્કૃતિમાં હાજર બેક્ટેરિયા, કેટલા બેક્ટેરિયા હાજર રહેશે
10 મા કલાકનો અંત?","ഓരോ മണിക്കൂറിലും ഒരു നിശ്ചിത സംസ്കാര വെളിച്ചത്തിൽ ബാക്ടീരിയകളുടെ എണ്ണം.50 എണ്ണം ഉണ്ടെങ്കിൽ
സംസ്കാരത്തിൽ ബാക്ടീരിയകൾ യഥാർത്ഥത്തിൽ, എത്ര ബാക്ടീരിയകൾ ഹാജരാകും
പത്താം മണിക്കൂർ അവസാനം?",984150,Geometric Progression
"Find a first term of Geometric Progression. for which sum of the first two terms is -2 and the fifth term is
16 times the third term.","ज्यामितीय प्रगति का पहला कार्यकाल खोजें।पहले दो शर्तों की राशि -2 है और पांचवां कार्यकाल है
तीसरे कार्यकाल का 16 गुना।","ہندسی ترقی کی پہلی اصطلاح تلاش کریں۔جس کے لئے پہلی دو شرائط کا مجموعہ -2 ہے اور پانچویں مدت ہے
تیسری مدت کے 16 گنا۔","জ্যামিতিক অগ্রগতির প্রথম শব্দটি সন্ধান করুন।যার জন্য প্রথম দুটি পদটির যোগফল -2 এবং পঞ্চম শব্দটি
তৃতীয় মেয়াদে 16 বার।","ભૌમિતિક પ્રગતિનો પ્રથમ શબ્દ શોધો.જેના માટે પ્રથમ બે શરતોનો સરવાળો -2 છે અને પાંચમો શબ્દ છે
ત્રીજી ટર્મ 16 વખત.","ജ്യാമിതീയ പുരോഗതിയുടെ ആദ്യ കാലാവധി കണ്ടെത്തുക.ആദ്യ രണ്ട് പദങ്ങളുടെ ഏത് തുക -2 ഉം അഞ്ചാമത്തെ കാലാവധിയും ആണ്
മൂന്നാം തവണ 16 തവണ.",-2/5 and 2/3,Geometric Progression
"A farmer buys a used tractor for Rs 24000. He pays Rs 12000 cash and agrees to
pay the balance in annual instalments of Rs 1000 plus 24% interest on the unpaid
amount. How much will the tractor cost him?","एक किसान 24000 रुपये के लिए एक इस्तेमाल किया ट्रैक्टर खरीदता है। वह 12000 रुपये नकद भुगतान करता है और सहमत होता है
अवैतनिक पर 1000 रुपये से अधिक 24% ब्याज की वार्षिक किस्तों में शेष राशि का भुगतान करें
मात्रा।ट्रैक्टर उसकी लागत कितनी होगी?","ایک کسان 24000 روپے میں استعمال شدہ ٹریکٹر خریدتا ہے۔ وہ 12000 روپے نقد ادا کرتا ہے اور اس سے اتفاق کرتا ہے
بلا معاوضہ 1000 روپے کے علاوہ 24 ٪ سود کی سالانہ قسطوں میں بیلنس ادا کریں
رقمٹریکٹر کو اس کی قیمت کتنی ہوگی؟","একজন কৃষক 24000 টাকায় ব্যবহৃত ট্র্যাক্টর কিনে He তিনি 12000 টাকা নগদ অর্থ প্রদান করেন এবং সম্মত হন
বেতনের উপর বার্ষিক কিস্তিতে 1000 টাকার 24% সুদের ভারসাম্য প্রদান করুন
পরিমাণ।ট্র্যাক্টর তাকে কত খরচ করবে?","એક ખેડૂત 24000 રૂપિયામાં વપરાયેલ ટ્રેક્ટર ખરીદે છે. તે 12000 રૂપિયાની રોકડ ચૂકવે છે અને સંમત થાય છે
અવેતન પર રૂ. 1000 વત્તા 24% વ્યાજના વાર્ષિક હપ્તામાં સંતુલન ચૂકવો
રકમ.ટ્રેક્ટર તેની કિંમત કેટલી હશે?","ഒരു കർഷകൻ 24000 രൂപയ്ക്ക് ഉപയോഗിച്ച ട്രാക്ടർ വാങ്ങുന്നു. അദ്ദേഹം 12000 രൂപ പണവും സമ്മതിക്കുന്നു
പണമടയ്ക്കുന്നതിന് 1000 രൂപയുടെ പലിശയുടെ വാർഷിക തവണകളായി ബാലൻസ് നൽകുക
തുക.ട്രാക്ടറിന് എത്രമാത്രം വിലവരും?",25872,Arithmetic Progression
"Shamshad Ali buys a scooter for Rs 44000. He pays Rs 8000 cash and agrees to
pay the balance in annual instalment of Rs 2000 plus 20% interest on the unpaid
amount. How much will the scooter cost him?","शमशाद अली 44000 रुपये के लिए एक स्कूटर खरीदता है। वह 8000 रुपये का नकद भुगतान करता है और सहमत है
अवैतनिक पर 2000 रुपये और 20% ब्याज की वार्षिक किस्त में शेष राशि का भुगतान करें
मात्रा।स्कूटर उसे कितना खर्च करेगा?","شمشاد علی 44000 روپے میں ایک سکوٹر خریدتا ہے۔ وہ 8000 روپے نقد ادا کرتا ہے اور اس سے اتفاق کرتا ہے
بلا معاوضہ 2000 روپے کے علاوہ 20 ٪ سود کی سالانہ قسط میں بیلنس ادا کریں
رقمسکوٹر کو اس کی قیمت کتنی ہوگی؟","শামশাদ আলী 44000 টাকায় একটি স্কুটার কিনে He তিনি 8000 টাকা নগদ অর্থ প্রদান করেন এবং সম্মত হন
বেতনের উপর বার্ষিক কিস্তিতে ভারসাম্য প্রদান করুন 2000 এর সাথে 20% সুদের উপর
পরিমাণ।স্কুটারটি তার জন্য কত খরচ হবে?","શમશાદ અલી 44000 રૂપિયામાં સ્કૂટર ખરીદે છે. તે 8000 રૂપિયા ચૂકવે છે અને સંમત થાય છે
અવેતન પર આરએસ 2000 વત્તા 20% વ્યાજના વાર્ષિક હપતામાં સંતુલન ચૂકવો
રકમ.સ્કૂટર તેને કેટલો ખર્ચ કરશે?","44000 രൂപയ്ക്ക് ഷംഷാദ് അലി ഒരു സ്കൂട്ടർ വാങ്ങുന്നു. 8000 രൂപയും സമ്മതിക്കുകയും ചെയ്യുന്നു
ശമ്പളം അടയ്ക്കാത്തവയിൽ 2000 പോഷിപ്പ് 20% വാർഷിക തവണകളായി ബാലൻസ് നൽകുക
തുക.സ്കൂട്ടറിന് എത്രമാത്രം വിലവരും?",112340,Arithmetic Progression
"A man deposited Rs 10000 in a bank at the rate of 5% simple interest annually.
Find the amount in 15th year since he deposited the amount and also calculate the
total amount after 20 years.","एक व्यक्ति ने सालाना 5% सरल ब्याज की दर से एक बैंक में 10000 रुपये जमा किए।
राशि जमा करने के बाद से 15 वें वर्ष में राशि का पता लगाएं और गणना भी करें
20 साल बाद कुल राशि।","ایک شخص نے سالانہ 5 ٪ سادہ سود کی شرح سے ایک بینک میں 10000 روپے جمع کیا۔
15 ویں سال میں رقم تلاش کریں جب سے اس نے رقم جمع کروائی اور اس کا حساب بھی لگائیں
20 سال کے بعد کل رقم۔","একজন ব্যক্তি বার্ষিক 5% সাধারণ সুদের হারে একটি ব্যাংকে 10000 টাকা জমা করেছিলেন।
15 তম বছরে পরিমাণটি সন্ধান করুন যেহেতু তিনি পরিমাণটি জমা করেছেন এবং গণনাও করুন
20 বছর পরে মোট পরিমাণ।","એક વ્યક્તિએ વાર્ષિક 5% સરળ વ્યાજના દરે બેંકમાં 10000 રૂપિયા જમા કરાવી.
15 મા વર્ષમાં તે રકમ જમા કરાવે છે અને તેની ગણતરી પણ કરે છે
20 વર્ષ પછી કુલ રકમ.","ഒരു പുരുഷൻ 10000 രൂപ ബാങ്കിൽ നിക്ഷേപിച്ചു 5 ശതമാനം ലളിതമായ താൽപര്യം നിരന്തരം നിക്ഷേപിച്ചു.
അയാൾ തുക നിക്ഷേപിക്കുകയും കണക്കാക്കുകയും ചെയ്തതിനുശേഷം 15-ാം വർഷത്തിൽ കണ്ടെത്തുക
20 വർഷത്തിനുശേഷം ആകെ തുക.",95000,Arithmetic Progression
"150 workers were engaged to finish a job in a certain number of days.4 workers dropped out on second day, 4more workers dropped out on third day and so on. It took 8 more days to finish the work. Find the number of days in which the work was completed.","150 कार्यकर्ता एक निश्चित संख्या में नौकरी खत्म करने के लिए लगे हुए थे। 4 श्रमिक दूसरे दिन बाहर हो गए, 4more श्रमिक तीसरे दिन और इतने पर बाहर हो गए।काम खत्म करने में 8 और दिन लगे।उन दिनों की संख्या का पता लगाएं, जिनमें काम पूरा हो गया था।",150 کارکنوں کو ایک خاص تعداد میں ملازمت ختم کرنے کے لئے مصروف تھے۔ 4 کارکن دوسرے دن چھوڑ دیئے گئے ، تیسرے دن 4 زیادہ کارکنوں کو چھوڑ دیا گیا۔کام ختم کرنے میں مزید 8 دن لگے۔کام مکمل ہونے والے دنوں کی تعداد تلاش کریں۔,"১৫০ জন শ্রমিক নির্দিষ্ট সংখ্যক দিনের মধ্যে একটি চাকরি শেষ করতে নিযুক্ত ছিলেন। ৪. কর্মী দ্বিতীয় দিন বাদ পড়েছিলেন, ৪ জন কর্মী তৃতীয় দিন বাদ পড়েছিলেন এবং আরও অনেক কিছু।কাজটি শেষ করতে আরও 8 দিন সময় লেগেছে।কাজটি শেষ হয়ে গেছে এমন দিনগুলির সংখ্যাটি সন্ধান করুন।","150 કામદારો ચોક્કસ દિવસોમાં નોકરી પૂરી કરવા માટે સગાઈ કરી હતી. બીજા દિવસે કામદારો છોડી દેવાયા હતા, 4 વધુ કામદારો ત્રીજા દિવસે બહાર નીકળી ગયા હતા અને તેથી વધુ.કામ પૂરું કરવામાં વધુ 8 દિવસ લાગ્યાં.કામ પૂર્ણ થયેલા દિવસોની સંખ્યા શોધો.","150 തൊഴിലാളികൾ ഒരു നിശ്ചിത എണ്ണം ദിവസങ്ങളിൽ ജോലി പൂർത്തിയാക്കാൻ ഏർപ്പെട്ടിരുന്നു. 4 തൊഴിലാളികൾ രണ്ടാം ദിവസം ഉപേക്ഷിച്ചു, 4more തൊഴിലാളികൾ മൂന്നാം ദിവസം ഉപേക്ഷിച്ചു.ജോലി പൂർത്തിയാക്കാൻ 8 ദിവസമെടുത്തു.ജോലി പൂർത്തിയാക്കിയ ദിവസങ്ങളുടെ എണ്ണം കണ്ടെത്തുക.",25,Arithmetic Progression
"Find the 12th term of the Arithmetic Progression : 4, 9, 14, . . .","अंकगणितीय प्रगति के 12 वें शब्द का पता लगाएं: 4, 9, 14,।।।",ریاضی کی ترقی کی 12 ویں اصطلاح تلاش کریں: 4 ، 9 ، 14 ،...,"পাটিগণিত অগ্রগতির 12 তম শব্দটি সন্ধান করুন: 4, 9, 14 ,।।।","અંકગણિત પ્રગતિનો 12 મો શબ્દ શોધો: 4, 9, 14 ,...","ഗണിത പുരോഗതിയുടെ പന്ത്രണ്ടാമത്തെ കാലാവധി: 4, 9, 14,...",59,Arithmetic Progression
"Check whether 330 is a term of the list of numbers 5, 11, 17, 23, . . .","जांचें कि क्या 330 संख्या 5, 11, 17, 23 की सूची का एक शब्द है।।।",چیک کریں کہ آیا 330 نمبر 5 ، 11 ، 17 ، 23 ، کی فہرست کی ایک اصطلاح ہے۔..,"330 5, 11, 17, 23, সংখ্যার তালিকার একটি পদ কিনা তা পরীক্ষা করে দেখুন।।।","તપાસો કે 330 નંબરો 5, 11, 17, 23, ની સૂચિની અવધિ છે કે નહીં...","5, 11, 17, 23 എന്ന സംഖ്യകളുടെ പട്ടികയുടെ ഒരു പദമാണോ 330 എന്ന് പരിശോധിക്കുക...",No,Arithmetic Progression
"A sum of Rs. 2000 is invested at 16% simple interest per year. Calculate the
interest at the end of each year. Do these interests form an Arithmetic Progression? If so, find the interest
at the end of 30 years making use of this fact.","रु।2000 को प्रति वर्ष 16% सरल ब्याज पर निवेश किया जाता है।इसे परिकलित करें
प्रत्येक वर्ष के अंत में ब्याज।क्या ये हित एक अंकगणितीय प्रगति बनाते हैं?यदि हां, तो ब्याज खोजें
30 वर्षों के अंत में इस तथ्य का उपयोग करना।","روپے کی رقمہر سال 2000 میں 16 ٪ سادہ سود پر سرمایہ کاری کی جاتی ہے۔حساب کتاب
ہر سال کے آخر میں دلچسپی۔کیا یہ مفادات ریاضی کی ترقی کی تشکیل کرتے ہیں؟اگر ایسا ہے تو ، دلچسپی تلاش کریں
30 سال کے اختتام پر اس حقیقت کا استعمال کرتے ہوئے۔","এক টাকা।2000 প্রতি বছর 16% সহজ সুদে বিনিয়োগ করা হয়।গণনা
প্রতি বছর শেষে আগ্রহ।এই আগ্রহগুলি কি গাণিতিক অগ্রগতি গঠন করে?যদি তা হয় তবে আগ্রহটি সন্ধান করুন
30 বছর শেষে এই সত্যটি ব্যবহার করে।","એક સરવાળો રૂ.2000 દર વર્ષે 16% સરળ વ્યાજ પર રોકાણ કરે છે.ગણતરી
દરેક વર્ષના અંતે વ્યાજ.શું આ રુચિઓ અંકગણિત પ્રગતિ બનાવે છે?જો એમ હોય તો, રસ શોધો
30 વર્ષના અંતે આ હકીકતનો ઉપયોગ કરવો.","ഒരു കോടി രൂപ.2000 പ്രതിവർഷം 16% ലളിതമായ താൽപ്പര്യമാണ് നിക്ഷേപിക്കുന്നത്.കണക്കാക്കുക
ഓരോ വർഷവും അവസാനം താൽപ്പര്യം.ഈ താൽപ്പര്യങ്ങൾ ഒരു ഗണിത പുരോഗതിയാണോ?അങ്ങനെയാണെങ്കിൽ, താൽപ്പര്യം കണ്ടെത്തുക
30 വർഷാവസാനം ഈ വസ്തുത ഉപയോഗിക്കുന്നത്.",9600,Arithmetic Progression
"In a flower bed, there are 46 rose plants in the first row, 44 in the
second, 42 in the third, and so on. There are 4 rose plants in the last row. How many
rows are there in the flower bed?","एक फूल के बिस्तर में, पहली पंक्ति में 46 गुलाब के पौधे हैं, 44 में
दूसरा, तीसरे में 42, और इसी तरह।पिछली पंक्ति में 4 गुलाब के पौधे हैं।कितने
फूल बिस्तर में पंक्तियाँ हैं?","پھولوں کے بستر میں ، پہلی قطار میں 46 گلاب پودے ہیں ، 44 میں
دوسرا ، تیسرے میں 42 ، اور اسی طرح۔آخری صف میں 4 گلاب پودے ہیں۔کتنے
قطاریں پھولوں کے بستر میں ہیں؟","একটি ফুলের বিছানায়, প্রথম সারিতে 46 টি গোলাপ গাছ রয়েছে, 44
দ্বিতীয়, তৃতীয়টিতে 42, এবং আরও।শেষ সারিতে 4 টি গোলাপ গাছ রয়েছে।কত
ফুলের বিছানায় সারি আছে?","ફૂલના પલંગમાં, પ્રથમ પંક્તિમાં 46 ગુલાબ છોડ છે, 44 માં
બીજું, ત્રીજામાં 42, અને તેથી વધુ.છેલ્લી હરોળમાં 4 ગુલાબ છોડ છે.કેટલા
ફૂલના પલંગમાં પંક્તિઓ છે?","ഒരു പുഷ്പ കിടക്കയിൽ, ആദ്യ വരിയിൽ 46 റോസ് സസ്യങ്ങളുണ്ട്, 44 ൽ 44
രണ്ടാമത്തേത്, മൂന്നാമത്തേതിൽ 42 എണ്ണം.കഴിഞ്ഞ നിരയിൽ 4 റോസ് സസ്യങ്ങളുണ്ട്.എത്ര
പുഷ്പ കിടക്കയിൽ വരികൾ ഉണ്ടോ?",22,Arithmetic Progression
"An Arithmetic Progression consists of 100 terms of which 6rd term is 24 and the last term is 212. Find the 58th
term.","एक अंकगणितीय प्रगति में 100 शब्द होते हैं जिनमें से 6rd शब्द 24 है और अंतिम शब्द 212 है। 58 वां ढूंढें
अवधि।","ایک ریاضی کی ترقی 100 شرائط پر مشتمل ہے جس کی 6 ویں اصطلاح 24 ہے اور آخری مدت 212 ہے۔ 58 ویں تلاش کریں
اصطلاح","একটি গাণিতিক অগ্রগতি 100 টি শর্ত নিয়ে গঠিত যার 6 তম শব্দ 24 এবং শেষ শব্দটি 212. 58 তম সন্ধান করুন
শব্দ।","અંકગણિત પ્રગતિમાં 100 શરતો શામેલ છે જેની 6 મી શબ્દ 24 છે અને છેલ્લી મુદત 212 છે. 58 મી શોધો
શબ્દ.","ഒരു ഗണിത പുരോഗതിയിൽ 100 ​​നിബന്ധനകൾ ഉൾക്കൊള്ളുന്നു, ഏത് 6-ാം കാലാവധി 24 ആണ്, അവസാന പദം 212 ആണ്. 58 ആശംസകൾ കണ്ടെത്തുക
കാലാവധി.",128,Arithmetic Progression
"Subba Rao started work in 1995 at an annual salary of Rs. 10000 and received an increment
of Rs. 400 each year. In which year did his income reach Rs. 14000?","सुब्बा राव ने 1995 में रुपये के वार्षिक वेतन पर काम शुरू किया।10000 और एक वृद्धि प्राप्त हुई
रु।हर साल 400।किस वर्ष में उनकी आय रु।14000?","سببا راؤ نے 1995 میں سالانہ تنخواہ میں Rs.10000 اور ایک اضافہ ہوا
Rs.ہر سال 400۔جس سال میں اس کی آمدنی Rs.14000؟","সুব্বা রাও 1995 সালে বার্ষিক বেতনে ২,০০০ টাকার কাজ শুরু করেছিলেন।10000 এবং একটি বৃদ্ধি পেয়েছে
Rs।প্রতি বছর 400।কোন বছরে তার আয় হয়েছিল Rs14000?","સુબ્બા રાવે 1995 માં વાર્ષિક પગાર રૂ.10000 અને વૃદ્ધિ પ્રાપ્ત થઈ
રૂ.દર વર્ષે 400.કયા વર્ષમાં તેની આવક રૂ.14000?","1995 ൽ സബ്ബ റാവു 1995 ൽ ജോലി ആരംഭിച്ചു.10000, ഒരു വർദ്ധനവ് ലഭിച്ചു
Rs.ഓരോ വർഷവും 400.ഏത് വർഷത്തിലാണ് അദ്ദേഹത്തിന്റെ വരുമാനം Rs.14000?",11,Arithmetic Progression
"A sum of Rs. 1400 is to be used to give seven cash prizes to students of a school for their
overall academic performance. If each prize is Rs. 40 less than its preceding prize, find the
value of first one of all the prizes.","रु।1400 का उपयोग उनके लिए एक स्कूल के छात्रों को सात नकद पुरस्कार देने के लिए किया जाना है
कुल मिलाकर शैक्षणिक प्रदर्शन।यदि प्रत्येक पुरस्कार रु।40 इसके पूर्ववर्ती पुरस्कार से कम, खोजें
सभी पुरस्कारों में से पहले एक का मूल्य।","روپے کی رقم1400 کو اسکول کے طلباء کو ان کے لئے سات نقد انعامات دینے کے لئے استعمال کیا جانا ہے
مجموعی طور پر تعلیمی کارکردگی۔اگر ہر انعام روپے ہے۔اس کے سابقہ ​​انعام سے 40 کم ، تلاش کریں
تمام انعامات میں سے پہلے کی قیمت۔","এক টাকা।1400 তাদের জন্য একটি বিদ্যালয়ের শিক্ষার্থীদের সাতটি নগদ পুরষ্কার দেওয়ার জন্য ব্যবহার করতে হবে
সামগ্রিক একাডেমিক পারফরম্যান্স।যদি প্রতিটি পুরষ্কার হয় Rs।এর পূর্ববর্তী পুরষ্কারের চেয়ে 40 কম, সন্ধান করুন
সমস্ত পুরষ্কারের প্রথম একটির মান।","એક સરવાળો રૂ.1400 નો ઉપયોગ તેમના માટે શાળાના વિદ્યાર્થીઓને સાત રોકડ ઇનામ આપવા માટે કરવામાં આવશે
એકંદરે શૈક્ષણિક કામગીરી.જો દરેક ઇનામ રૂ.તેના પહેલાના ઇનામ કરતા 40 ઓછા, આ શોધો
બધા ઇનામોમાંથી પ્રથમ એકનું મૂલ્ય.","ഒരു കോടി രൂപ.ഒരു സ്കൂളിലെ വിദ്യാർത്ഥികൾക്ക് ഏഴ് ക്യാഷ് സമ്മാനങ്ങൾ നൽകുന്നതിന് 1400 പേർ ഉപയോഗിക്കണം
മൊത്തത്തിലുള്ള അക്കാദമിക് പ്രകടനം.ഓരോ സമ്മാനവും Rs.അതിന്റെ മുമ്പുള്ള സമ്മാനത്തേക്കാൾ 40 കുറവ് കണ്ടെത്തുക
എല്ലാ സമ്മാനങ്ങളിലൊരാളുടെ മൂല്യം.",320,Arithmetic Progression
"Find the sum of first 102 terms of an Arithmetic Progression whose second and third terms are 28 and 36
respectively.","एक अंकगणितीय प्रगति के पहले 102 शर्तों का योग खोजें, जिनके दूसरे और तीसरे शब्द 28 और 36 हैं
क्रमश।","ریاضی کی ترقی کی پہلی 102 شرائط کا مجموعہ تلاش کریں جس کی دوسری اور تیسری شرائط 28 اور 36 ہیں
بالترتیب","গাণিতিক অগ্রগতির প্রথম 102 পদগুলির যোগফল সন্ধান করুন যার দ্বিতীয় এবং তৃতীয় পদগুলি 28 এবং 36
যথাক্রমে।","અંકગણિત પ્રગતિની પ્રથમ 102 શરતોનો સરવાળો શોધો જેની બીજી અને ત્રીજી શરતો 28 અને 36 છે
અનુક્રમે.","22, 36 ീട്ടുകളുള്ള ഒരു ഗണിത പ്രോഗ്രസ്റ്റിന്റെ ആദ്യ 102 ന്റെ തുക കണ്ടെത്തുക
യഥാക്രമം.",43248,Arithmetic Progression
Find the sum of first 44 terms of an Arithmetic Progression in which d = 14 and 44th term is 298,एक अंकगणितीय प्रगति के पहले 44 शर्तों का योग खोजें जिसमें d = 14 और 44 वां शब्द 298 है,ریاضی کی ترقی کی پہلی 44 شرائط کا مجموعہ تلاش کریں جس میں D = 14 اور 44 ویں اصطلاح 298 ہے,গাণিতিক অগ্রগতির প্রথম 44 পদগুলির যোগফল সন্ধান করুন যেখানে ডি = 14 এবং 44 তম শব্দটি 298,અંકગણિત પ્રગતિની પ્રથમ 44 શરતોનો સરવાળો શોધો જેમાં ડી = 14 અને 44 મી શબ્દ 298 છે,"ഡി = 14, 44-ാം കാലാവധി എന്നിവയിൽ ഒരു ഗണിത പുരോഗതിയുടെ ആകെ തുക കണ്ടെത്തുക 298",-132,Arithmetic Progression
"How many terms of the Arithmetic Progression : 24, 21, 18, . . . must be taken so that their
sum is 78?","अंकगणितीय प्रगति के कितने शब्द: 24, 21, 18,।।।इसलिए लिया जाना चाहिए कि उनका
योग 78 है?","ریاضی کی ترقی کی کتنی شرائط: 24 ، 21 ، 18 ،...لازمی طور پر لیا جانا چاہئے تاکہ ان کا
رقم 78 ہے؟","গাণিতিক অগ্রগতির কতগুলি শর্ত: 24, 21, 18 ,।।।তাদের অবশ্যই নেওয়া উচিত যাতে তাদের
যোগফল 78?","અંકગણિત પ્રગતિની કેટલી શરતો: 24, 21, 18 ,...તેમના માટે લેવા જોઈએ જેથી તેમના
સરવાળો 78 છે?","ഗണിത പുരോഗതിയുടെ എത്ര നിബന്ധനകൾ: 24, 21, 18,...അത് എടുക്കണം
തുക 78 ആണ്?",4 or 13,Arithmetic Progression
The 34th term of an Arithmetic Progression exceeds its 20th term by 14. Find the common difference.,अंकगणितीय प्रगति का 34 वां कार्यकाल 14. से 20 वें शब्द से अधिक है। सामान्य अंतर का पता लगाएं।,ریاضی کی ترقی کی 34 ویں مدت اس کی 20 ویں اصطلاح سے 14 سے تجاوز کرتی ہے۔ عام فرق تلاش کریں۔,একটি পাটিগণিত অগ্রগতির 34 তম শব্দটি তার 20 তম মেয়াদকে 14 দ্বারা ছাড়িয়ে গেছে। সাধারণ পার্থক্যটি সন্ধান করুন।,અંકગણિત પ્રગતિની 34 મી શબ્દ તેની 20 મી ટર્મ 14 દ્વારા વધી ગઈ છે. સામાન્ય તફાવત શોધો.,ഗണിതകരുറ്റ പുരോഗതിയുടെ 34-ാം കാലാവധി അതിന്റെ 20-ാം പദം 14 വർദ്ധിപ്പിക്കും. പൊതു വ്യത്യാസം കണ്ടെത്തുക.,1,Arithmetic Progression
"If Arithmetic Mean. and Geometric Mean. of two positive numbers a and b are 10 and 8,
respectively, find the numbers.","यदि अंकगणित का मतलब है।और ज्यामितीय माध्य।दो सकारात्मक संख्याओं में से एक और बी 10 और 8 हैं,
क्रमशः, संख्याओं का पता लगाएं।","اگر ریاضی کا مطلب ہے۔اور ہندسی مطلب۔دو مثبت نمبر A اور B 10 اور 8 ہیں ،
بالترتیب ، نمبر تلاش کریں۔","যদি গাণিতিক মানে।এবং জ্যামিতিক অর্থ।দুটি ধনাত্মক সংখ্যার A এবং B 10 এবং 8,
যথাক্রমে, সংখ্যাগুলি সন্ধান করুন।","જો અંકગણિત સરેરાશ.અને ભૌમિતિક સરેરાશ.બે સકારાત્મક સંખ્યાઓ એ અને બી 10 અને 8 છે,
અનુક્રમે, સંખ્યાઓ શોધો.","ഗണിത ശരാശരി ആണെങ്കിൽ.ജ്യാമിതീയ ശരാശരി.എ, ബി എന്നിവയുടെ രണ്ട് പോസിറ്റീവ് നമ്പറുകളിൽ 10 ഉം 8 ഉം ആണ്,
യഥാക്രമം, അക്കങ്ങൾ കണ്ടെത്തുക.","a = 4, b = 16 or a = 16, b = 4",Arithmetic Mean and Geometric Mean
"The sum of two numbers is 12 times their geometric mean, Are the numbers
are in the ratio 6 + squareroot(35) : 6 − squareroot(35).","दो नंबरों का योग 12 गुना उनके ज्यामितीय माध्य है, संख्याएँ हैं
6 + स्क्वायरटूट (35) के अनुपात में हैं: 6 - स्क्वायरोट (35)।","دو نمبروں کا مجموعہ ان کے ہندسی مطلب 12 گنا ہے ، نمبر ہیں
تناسب 6 + اسکوائرروٹ (35) میں ہیں: 6 - اسکوائرروٹ (35)۔","দুটি সংখ্যার যোগফল তাদের জ্যামিতিক গড় 12 গুণ, সংখ্যাগুলি
6 + স্কোয়াররুট (35) অনুপাতের মধ্যে রয়েছে: 6 - স্কয়ারারুট (35)।","બે નંબરોનો સરવાળો તેમના ભૌમિતિક સરેરાશ છે, સંખ્યા છે
6 + સ્ક્વેરરોટ (35) ના ગુણોત્તરમાં છે: 6 - સ્ક્વેરરોટ (35).","രണ്ട് അക്കങ്ങളുടെ ആകെത്തുക അവരുടെ ജ്യാമിതീയ ശരാശരിയാണ്, അക്കങ്ങളാണ്
6 + സ്ക്വറൂട്ട് (35): 6 - സ്ക്വററൂട്ട് (35) എന്നിവയിലാണ്.",Yes,Arithmetic Mean and Geometric Mean
"If Arithmetic Mean. and Geometric Mean. of roots of a quadratic equation are 16 and 6, respectively, then
obtain the quadratic equation.","यदि अंकगणित का मतलब है।और ज्यामितीय माध्य।एक द्विघात समीकरण की जड़ें क्रमशः 16 और 6 हैं, फिर
द्विघात समीकरण प्राप्त करें।","اگر ریاضی کا مطلب ہے۔اور ہندسی مطلب۔ایک چوکور مساوات کی جڑوں میں بالترتیب 16 اور 6 ہیں
چوکور مساوات حاصل کریں۔","যদি গাণিতিক মানে।এবং জ্যামিতিক অর্থ।চতুর্ভুজ সমীকরণের শিকড়গুলির যথাক্রমে 16 এবং 6
চতুর্ভুজ সমীকরণ পান।","જો અંકગણિત સરેરાશ.અને ભૌમિતિક સરેરાશ.ચતુર્ભુજ સમીકરણના મૂળ અનુક્રમે 16 અને 6 છે, પછી
ચતુર્ભુજ સમીકરણ મેળવો.","ഗണിത ശരാശരി ആണെങ്കിൽ.ജ്യാമിതീയ ശരാശരി.ഒരു ക്വാഡ്രാറ്റിക് സമവാക്യത്തിന്റെ വേരുകൾ യഥാക്രമം 16 ഉം 6 ഉം ആണ്
ക്വാഡ്രാറ്റിക് സമവാക്യം നേടുക.",x^2 - 32*x + 36 =0,Arithmetic Mean and Geometric Mean
"What is the Geometric Mean of 12, 16, 32, 54?","12, 16, 32, 54 का ज्यामितीय मतलब क्या है?",12 ، 16 ، 32 ، 54 کا ہندسی مطلب کیا ہے؟,"12, 16, 32, 54 এর জ্যামিতিক গড় কী?","12, 16, 32, 54 નો ભૌમિતિક અર્થ શું છે?","12, 16, 32, 54 ന്റെ ജ്യാമിതീയ ""എന്താണ്?",12,Arithmetic Mean and Geometric Mean
"Calculate the geometric mean of the annual percentage growth rate of profits in business corporate from the year 2000 to 2005 is given below

50, 72, 54, 82, 93","वर्ष 2000 से 2005 तक व्यापार कॉर्पोरेट में मुनाफे की वार्षिक प्रतिशत वृद्धि दर के ज्यामितीय माध्य की गणना नीचे दी गई है

50, 72, 54, 82, 93","سال 2000 سے 2005 تک بزنس کارپوریٹ میں منافع کی سالانہ فیصد شرح نمو کے ہندسی وسط کا حساب کتاب ذیل میں دیا گیا ہے

50 ، 72 ، 54 ، 82 ، 93","2000 থেকে 2005 সাল পর্যন্ত ব্যবসায়িক কর্পোরেটে লাভের বার্ষিক শতাংশ বৃদ্ধির হারের জ্যামিতিক গড় গণনা করুন নীচে দেওয়া হয়েছে

50, 72, 54, 82, 93","વર્ષ 2000 થી 2005 સુધીના વ્યવસાય કોર્પોરેટમાં નફાના વાર્ષિક ટકાવારી વૃદ્ધિ દરના ભૌમિતિક સરેરાશની ગણતરી નીચે આપેલ છે

50, 72, 54, 82, 93","2000 മുതൽ 2005 വരെ ബിസിനസ് കോർപ്പറേറ്റിലെ വാർഷിക ശതമാനത്തിന്റെ വളർച്ചാ നിരക്ക് കുറവുള്ള ജ്യാമിതീയ അർത്ഥം ചുവടെ നൽകിയിരിക്കുന്നു

50, 72, 54, 82, 93",68.26,Arithmetic Mean and Geometric Mean
The population in a city increased at the rate of 15% and 25% for two successive years. In the next year it decreased at the rate of 5%. Find the average rate of growth,एक शहर में जनसंख्या दो क्रमिक वर्षों के लिए 15% और 25% की दर से बढ़ी।अगले वर्ष में यह 5%की दर से कम हो गया।विकास की औसत दर का पता लगाएं,ایک شہر میں آبادی دو سالوں کے لئے 15 ٪ اور 25 ٪ کی شرح سے بڑھ گئی۔اگلے سال میں یہ 5 ٪ کی شرح سے کم ہوا۔نمو کی اوسط شرح تلاش کریں,একটি শহরের জনসংখ্যা পর পর বছর দুটি বছর ধরে 15% এবং 25% হারে বেড়েছে।পরের বছরে এটি 5%হারে হ্রাস পেয়েছে।বৃদ্ধির গড় হার সন্ধান করুন,એક શહેરની વસ્તી સતત બે વર્ષ માટે 15% અને 25% ના દરે વધી છે.આવતા વર્ષે તે 5%ના દરે ઘટાડો થયો.વૃદ્ધિનો સરેરાશ દર શોધો,"ഒരു നഗരത്തിലെ ജനസംഖ്യ 15%, 25% എന്നിവ തുടർച്ചയായി രണ്ട് വർഷങ്ങളായി വർദ്ധിച്ചു.അടുത്ത വർഷം ഇത് 5% എന്ന നിരക്കിൽ കുറഞ്ഞു.വളർച്ചയുടെ ശരാശരി നിരക്ക് കണ്ടെത്തുക",12.19,Arithmetic Mean and Geometric Mean
Find the arithmetic mean of the first 10 prime numbers.,पहले 10 प्राइम नंबरों का अंकगणितीय माध्य खोजें।,پہلے 10 پرائم نمبروں کا ریاضی کا مطلب تلاش کریں۔,প্রথম 10 টি প্রাইম সংখ্যার গাণিতিক গড়টি সন্ধান করুন।,પ્રથમ 10 પ્રાઇમ નંબરોનો અંકગણિત સરેરાશ શોધો.,ആദ്യത്തെ 10 പ്രൈം നമ്പറുകളുടെ ഗണിത ശരാശരി കണ്ടെത്തുക.,12.9,Arithmetic Mean and Geometric Mean
"Determine the “k” value if the arithmetic mean of 9, 8, 10, k, 12 is 15.","9, 8, 10, k, 12 का अंकगणितीय माध्य 15 है ""k"" मान निर्धारित करें।","""K"" کی قیمت کا تعین کریں اگر ریاضی کا مطلب 9 ، 8 ، 10 ، K ، 12 ہے۔","9, 8, 10, কে, 12 এর গাণিতিক গড় যদি 15 হয় তবে ""কে"" মান নির্ধারণ করুন।","""કે"" મૂલ્ય નક્કી કરો જો 9, 8, 10, કે, 12 ની અંકગણિત સરેરાશ 15 છે.","9, 8, 10, k, 12, 12, 12 എന്ന ഗണിതശാസ്ത്രത്തിന്റെ ""കെ"" മൂല്യം നിർണ്ണയിക്കുക 15.",36,Arithmetic Mean and Geometric Mean
The mean of 14 numbers is 6. What will be the new mean if 3 is added to every number?,14 नंबरों का मतलब 6 है। यदि 3 को हर संख्या में जोड़ा जाए तो नया क्या होगा?,14 نمبروں کا مطلب 6 ہے۔ اگر 3 ہر نمبر میں شامل کیا جائے تو نیا مطلب کیا ہوگا؟,14 সংখ্যার গড় গড় 6 .. যদি প্রতিটি সংখ্যায় 3 যুক্ত করা হয় তবে নতুন গড়টি কী হবে?,14 નંબરોનો સરેરાશ 6 છે. જો દરેક સંખ્યામાં 3 ઉમેરવામાં આવે તો નવો અર્થ શું હશે?,"14 നമ്പറുകളുടെ ശരാശരി 6. ആണ്, 3 എല്ലാ നമ്പറുകളിലേക്കും 3 ഉണ്ടെങ്കിൽ പുതിയ അർത്ഥമെന്താണ്?",9,Arithmetic Mean and Geometric Mean
The arithmetic mean of 40 numbers was found to be 38. It was then discovered that the number 56 had been misinterpreted as 36. Determine the correct mean of the numbers given.,40 नंबरों का अंकगणितीय माध्य 38 पाया गया था। तब यह पता चला था कि 56 को 36 के रूप में गलत व्याख्या की गई थी। दी गई संख्याओं का सही मतलब निर्धारित करें।,40 نمبروں کا ریاضی کا مطلب 38 پایا گیا تھا۔ تب پتہ چلا کہ نمبر 56 کی غلط تشریح 36 کے طور پر کی گئی تھی۔ دیئے گئے نمبروں کا صحیح مطلب طے کریں۔,40 সংখ্যার গাণিতিক গড়টি 38 হিসাবে পাওয়া গেছে It এটি তখন আবিষ্কার করা হয়েছিল যে 56 নম্বরটি 36 হিসাবে ভুল ব্যাখ্যা করা হয়েছিল। প্রদত্ত সংখ্যার সঠিক গড় নির্ধারণ করুন।,40 નંબરોનો અંકગણિત સરેરાશ 38 હોવાનું જાણવા મળ્યું. તે પછી જાણવા મળ્યું કે નંબર 56 નો અર્થ 36 તરીકે કરવામાં આવ્યો છે. આપેલ સંખ્યાઓનો સાચો અર્થ નક્કી કરો.,40 അക്കങ്ങളുടെ ഗണിത ശരാശരി 38 ആണെന്ന് കണ്ടെത്തി. 56 എണ്ണം 36 ആയി തെറ്റായി വ്യാഖ്യാനിച്ചുവെന്ന് കണ്ടെത്തി. നൽകിയിരിക്കുന്ന അക്കങ്ങളുടെ ശരിയായ അർത്ഥം നിർണ്ണയിക്കുക.,38.5,Arithmetic Mean and Geometric Mean